lat,lon,elevation
19.8735482,72.4084376,0
19.8735482,72.6584376,0
19.8735482,72.9084376,0
19.8735482,73.1584376,0
20.1235482,72.4084376,-33
20.1235482,72.6584376,-9
20.1235482,72.9084376,56
20.1235482,73.1584376,139
20.3735482,72.4084376,-24
20.3735482,72.6584376,-15
20.3735482,72.9084376,28
20.3735482,73.1584376,142
20.6235482,72.4084376,-18
20.6235482,72.6584376,-13
20.6235482,72.9084376,4
20.6235482,73.1584376,70
20.2581399,72.5598983,-21
20.2581399,72.8098983,15
20.2581399,73.0598983,131
20.2581399,73.3098983,358
20.5081399,72.5598983,-17
20.5081399,72.8098983,-7
20.5081399,73.0598983,39
20.5081399,73.3098983,463
20.7581399,72.5598983,-13
20.7581399,72.8098983,-2
20.7581399,73.0598983,29
20.7581399,73.3098983,99
21.0081399,72.5598983,-10
21.0081399,72.8098983,6
21.0081399,73.0598983,20
21.0081399,73.3098983,68
20.2971703,70.1957211,0
20.2971703,70.4457211,0
20.2971703,70.6957211,0
20.2971703,70.9457211,0
20.5471703,70.1957211,0
20.5471703,70.4457211,0
20.5471703,70.6957211,0
20.5471703,70.9457211,0
20.7971703,70.1957211,0
20.7971703,70.4457211,0
20.7971703,70.6957211,0
20.7971703,70.9457211,0
21.0471703,70.1957211,0
21.0471703,70.4457211,0
21.0471703,70.6957211,0
21.0471703,70.9457211,0
20.3198898,70.5391641,0
20.3198898,70.7891641,0
20.3198898,71.0391641,0
20.3198898,71.2891641,0
20.5698898,70.5391641,0
20.5698898,70.7891641,0
20.5698898,71.0391641,0
20.5698898,71.2891641,0
20.8198898,70.5391641,0
20.8198898,70.7891641,0
20.8198898,71.0391641,0
20.8198898,71.2891641,0
21.0698898,70.5391641,0
21.0698898,70.7891641,0
21.0698898,71.0391641,0
21.0698898,71.2891641,0
20.4101099,69.865279,0
20.4101099,70.115279,0
20.4101099,70.365279,0
20.4101099,70.615279,0
20.6601099,69.865279,0
20.6601099,70.115279,0
20.6601099,70.365279,0
20.6601099,70.615279,0
20.9101099,69.865279,0
20.9101099,70.115279,0
20.9101099,70.365279,0
20.9101099,70.615279,0
21.1601099,69.865279,0
21.1601099,70.115279,0
21.1601099,70.365279,0
21.1601099,70.615279,0
20.452407,72.4323831,-22
20.452407,72.6823831,-13
20.452407,72.9323831,22
20.452407,73.1823831,68
20.702407,72.4323831,-16
20.702407,72.6823831,-9
20.702407,72.9323831,13
20.702407,73.1823831,62
20.952407,72.4323831,-13
20.952407,72.6823831,-5
20.952407,72.9323831,18
20.952407,73.1823831,41
21.202407,72.4323831,-11
21.202407,72.6823831,4
21.202407,72.9323831,19
21.202407,73.1823831,34
20.538617,70.9438845,0
20.538617,71.1938845,0
20.538617,71.4438845,0
20.538617,71.6938845,0
20.788617,70.9438845,0
20.788617,71.1938845,0
20.788617,71.4438845,0
20.788617,71.6938845,0
21.038617,70.9438845,0
21.038617,71.1938845,0
21.038617,71.4438845,0
21.038617,71.6938845,0
21.288617,70.9438845,0
21.288617,71.1938845,0
21.288617,71.4438845,0
21.288617,71.6938845,0
20.5914409,71.2621979,0
20.5914409,71.5121979,0
20.5914409,71.7621979,0
20.5914409,72.0121979,-21
20.8414409,71.2621979,0
20.8414409,71.5121979,0
20.8414409,71.7621979,0
20.8414409,72.0121979,-14
21.0914409,71.2621979,0
21.0914409,71.5121979,0
21.0914409,71.7621979,0
21.0914409,72.0121979,-4
21.3414409,71.2621979,0
21.3414409,71.5121979,0
21.3414409,71.7621979,0
21.3414409,72.0121979,46
20.5488646,72.7615399,-10
20.5488646,73.0115399,38
20.5488646,73.2615399,159
20.5488646,73.5115399,453
20.7988646,72.7615399,-6
20.7988646,73.0115399,9
20.7988646,73.2615399,71
20.7988646,73.5115399,184
21.0488646,72.7615399,1
21.0488646,73.0115399,19
21.0488646,73.2615399,61
21.0488646,73.5115399,120
21.2988646,72.7615399,8
21.2988646,73.0115399,25
21.2988646,73.2615399,55
21.2988646,73.5115399,165
20.6176744,72.8857702,0
20.6176744,73.1357702,59
20.6176744,73.3857702,195
20.6176744,73.6357702,385
20.8676744,72.8857702,5
20.8676744,73.1357702,38
20.8676744,73.3857702,189
20.8676744,73.6357702,234
21.1176744,72.8857702,9
21.1176744,73.1357702,31
21.1176744,73.3857702,94
21.1176744,73.6357702,215
21.3676744,72.8857702,15
21.3676744,73.1357702,34
21.3676744,73.3857702,151
21.3676744,73.6357702,310
20.6241507,69.6199203,0
20.6241507,69.8699203,0
20.6241507,70.1199203,0
20.6241507,70.3699203,0
20.8741507,69.6199203,0
20.8741507,69.8699203,0
20.8741507,70.1199203,0
20.8741507,70.3699203,0
21.1241507,69.6199203,0
21.1241507,69.8699203,0
21.1241507,70.1199203,0
21.1241507,70.3699203,0
21.3741507,69.6199203,0
21.3741507,69.8699203,0
21.3741507,70.1199203,0
21.3741507,70.3699203,0
20.6702124,73.0622874,23
20.6702124,73.3122874,160
20.6702124,73.5622874,307
20.6702124,73.8122874,752
20.9202124,73.0622874,29
20.9202124,73.3122874,76
20.9202124,73.5622874,235
20.9202124,73.8122874,475
21.1702124,73.0622874,27
21.1702124,73.3122874,62
21.1702124,73.5622874,119
21.1702124,73.8122874,140
21.4202124,73.0622874,27
21.4202124,73.3122874,110
21.4202124,73.5622874,273
21.4202124,73.8122874,96
20.8232985,69.9425757,0
20.8232985,70.1925757,0
20.8232985,70.4425757,0
20.8232985,70.6925757,0
21.0732985,69.9425757,0
21.0732985,70.1925757,0
21.0732985,70.4425757,0
21.0732985,70.6925757,0
21.3232985,69.9425757,0
21.3232985,70.1925757,0
21.3232985,70.4425757,0
21.3232985,70.6925757,0
21.5732985,69.9425757,0
21.5732985,70.1925757,0
21.5732985,70.4425757,0
21.5732985,70.6925757,0
20.8417058,70.2534299,0
20.8417058,70.5034299,0
20.8417058,70.7534299,0
20.8417058,71.0034299,0
21.0917058,70.2534299,0
21.0917058,70.5034299,0
21.0917058,70.7534299,0
21.0917058,71.0034299,0
21.3417058,70.2534299,0
21.3417058,70.5034299,0
21.3417058,70.7534299,0
21.3417058,71.0034299,0
21.5917058,70.2534299,0
21.5917058,70.5034299,0
21.5917058,70.7534299,0
21.5917058,71.0034299,0
20.8545788,71.5368814,0
20.8545788,71.7868814,0
20.8545788,72.0368814,-15
20.8545788,72.2868814,-16
21.1045788,71.5368814,0
21.1045788,71.7868814,0
21.1045788,72.0368814,-2
21.1045788,72.2868814,-12
21.3545788,71.5368814,0
21.3545788,71.7868814,0
21.3545788,72.0368814,28
21.3545788,72.2868814,-13
21.6045788,71.5368814,0
21.6045788,71.7868814,0
21.6045788,72.0368814,111
21.6045788,72.2868814,14
20.9563995,72.9757224,13
20.9563995,73.2257224,50
20.9563995,73.4757224,113
20.9563995,73.7257224,330
21.2063995,72.9757224,23
21.2063995,73.2257224,41
21.2063995,73.4757224,91
21.2063995,73.7257224,96
21.4563995,72.9757224,19
21.4563995,73.2257224,61
21.4563995,73.4757224,220
21.4563995,73.7257224,169
21.7063995,72.9757224,16
21.7063995,73.2257224,59
21.7063995,73.4757224,133
21.7063995,73.7257224,329
21.0236104,71.3219597,0
21.0236104,71.5719597,0
21.0236104,71.8219597,0
21.0236104,72.0719597,-9
21.2736104,71.3219597,0
21.2736104,71.5719597,0
21.2736104,71.8219597,0
21.2736104,72.0719597,10
21.5236104,71.3219597,0
21.5236104,71.5719597,0
21.5236104,71.8219597,0
21.5236104,72.0719597,102
21.7736104,71.3219597,0
21.7736104,71.5719597,0
21.7736104,71.8219597,0
21.7736104,72.0719597,16
21.1271369,73.0898076,30
21.1271369,73.3398076,69
21.1271369,73.5898076,156
21.1271369,73.8398076,172
21.3771369,73.0898076,48
21.3771369,73.3398076,81
21.3771369,73.5898076,294
21.3771369,73.8398076,97
21.6271369,73.0898076,27
21.6271369,73.3398076,119
21.6271369,73.5898076,181
21.6271369,73.8398076,508
21.8771369,73.0898076,22
21.8771369,73.3398076,9
21.8771369,73.5898076,50
21.8771369,73.8398076,192
21.1395746,72.8661964,12
21.1395746,73.1161964,32
21.1395746,73.3661964,77
21.1395746,73.6161964,171
21.3895746,72.8661964,12
21.3895746,73.1161964,45
21.3895746,73.3661964,90
21.3895746,73.6161964,301
21.6395746,72.8661964,8
21.6395746,73.1161964,31
21.6395746,73.3661964,128
21.6395746,73.6161964,189
21.8895746,72.8661964,13
21.8895746,73.1161964,24
21.8895746,73.3661964,28
21.8895746,73.6161964,39
21.1029751,69.3538067,0
21.1029751,69.6038067,0
21.1029751,69.8538067,0
21.1029751,70.1038067,0
21.3529751,69.3538067,0
21.3529751,69.6038067,0
21.3529751,69.8538067,0
21.3529751,70.1038067,0
21.6029751,69.3538067,0
21.6029751,69.6038067,0
21.6029751,69.8538067,0
21.6029751,70.1038067,0
21.8529751,69.3538067,0
21.8529751,69.6038067,0
21.8529751,69.8538067,0
21.8529751,70.1038067,0
21.224718,70.8899959,0
21.224718,71.1399959,0
21.224718,71.3899959,0
21.224718,71.6399959,0
21.474718,70.8899959,0
21.474718,71.1399959,0
21.474718,71.3899959,0
21.474718,71.6399959,0
21.724718,70.8899959,0
21.724718,71.1399959,0
21.724718,71.3899959,0
21.724718,71.6399959,0
21.974718,70.8899959,0
21.974718,71.1399959,0
21.974718,71.3899959,0
21.974718,71.6399959,0
21.220494,71.4605587,0
21.220494,71.7105587,0
21.220494,71.9605587,0
21.220494,72.2105587,-12
21.470494,71.4605587,0
21.470494,71.7105587,0
21.470494,71.9605587,0
21.470494,72.2105587,31
21.720494,71.4605587,0
21.720494,71.7105587,0
21.720494,71.9605587,0
21.720494,72.2105587,13
21.970494,71.4605587,0
21.970494,71.7105587,0
21.970494,71.9605587,0
21.970494,72.2105587,4
21.209301,72.0893963,20
21.209301,72.3393963,-12
21.209301,72.5893963,-2
21.209301,72.8393963,18
21.459301,72.0893963,69
21.459301,72.3393963,-12
21.459301,72.5893963,-4
21.459301,72.8393963,11
21.709301,72.0893963,45
21.709301,72.3393963,-5
21.709301,72.5893963,7
21.709301,72.8393963,9
21.959301,72.0893963,8
21.959301,72.3393963,-7
21.959301,72.5893963,4
21.959301,72.8393963,7
21.2080427,72.4956936,-8
21.2080427,72.7456936,6
21.2080427,72.9956936,24
21.2080427,73.2456936,42
21.4580427,72.4956936,-8
21.4580427,72.7456936,6
21.4580427,72.9956936,21
21.4580427,73.2456936,74
21.7080427,72.4956936,-1
21.7080427,72.7456936,6
21.7080427,72.9956936,23
21.7080427,73.2456936,60
21.9580427,72.4956936,-3
21.9580427,72.7456936,6
21.9580427,72.9956936,16
21.9580427,73.2456936,33
21.2346125,70.7004615,0
21.2346125,70.9504615,0
21.2346125,71.2004615,0
21.2346125,71.4504615,0
21.4846125,70.7004615,0
21.4846125,70.9504615,0
21.4846125,71.2004615,0
21.4846125,71.4504615,0
21.7346125,70.7004615,0
21.7346125,70.9504615,0
21.7346125,71.2004615,0
21.7346125,71.4504615,0
21.9846125,70.7004615,0
21.9846125,70.9504615,0
21.9846125,71.2004615,0
21.9846125,71.4504615,0
21.2220402,69.9443401,0
21.2220402,70.1943401,0
21.2220402,70.4443401,0
21.2220402,70.6943401,0
21.4720402,69.9443401,0
21.4720402,70.1943401,0
21.4720402,70.4443401,0
21.4720402,70.6943401,0
21.7220402,69.9443401,0
21.7220402,70.1943401,0
21.7220402,70.4443401,0
21.7220402,70.6943401,0
21.9720402,69.9443401,0
21.9720402,70.1943401,0
21.9720402,70.4443401,0
21.9720402,70.6943401,0
21.2718836,71.6416449,0
21.2718836,71.8916449,0
21.2718836,72.1416449,-5
21.2718836,72.3916449,-12
21.5218836,71.6416449,0
21.5218836,71.8916449,0
21.5218836,72.1416449,88
21.5218836,72.3916449,-8
21.7718836,71.6416449,0
21.7718836,71.8916449,0
21.7718836,72.1416449,25
21.7718836,72.3916449,-6
22.0218836,71.6416449,0
22.0218836,71.8916449,0
22.0218836,72.1416449,11
22.0218836,72.3916449,-4
21.3926077,69.9972555,0
21.3926077,70.2472555,0
21.3926077,70.4972555,0
21.3926077,70.7472555,0
21.6426077,69.9972555,0
21.6426077,70.2472555,0
21.6426077,70.4972555,0
21.6426077,70.7472555,0
21.8926077,69.9972555,0
21.8926077,70.2472555,0
21.8926077,70.4972555,0
21.8926077,70.7472555,0
22.1426077,69.9972555,0
22.1426077,70.2472555,0
22.1426077,70.4972555,0
22.1426077,70.7472555,0
21.4907832,72.3706259,-10
21.4907832,72.6206259,-1
21.4907832,72.8706259,14
21.4907832,73.1206259,33
21.7407832,72.3706259,-5
21.7407832,72.6206259,7
21.7407832,72.8706259,10
21.7407832,73.1206259,0
21.9907832,72.3706259,-11
21.9907832,72.6206259,6
21.9907832,72.8706259,12
21.9907832,73.1206259,26
22.2407832,72.3706259,2
22.2407832,72.6206259,-4
22.2407832,72.8706259,4
22.2407832,73.1206259,29
21.5523055,72.6216703,5
21.5523055,72.8716703,16
21.5523055,73.1216703,47
21.5523055,73.3716703,119
21.8023055,72.6216703,6
21.8023055,72.8716703,9
21.8023055,73.1216703,23
21.8023055,73.3716703,79
22.0523055,72.6216703,8
22.0523055,72.8716703,13
22.0523055,73.1216703,35
22.0523055,73.3716703,40
22.3023055,72.6216703,6
22.3023055,72.8716703,23
22.3023055,73.1216703,30
22.3023055,73.3716703,46
21.6518623,71.3957058,0
21.6518623,71.6457058,0
21.6518623,71.8957058,0
21.6518623,72.1457058,63
21.9018623,71.3957058,0
21.9018623,71.6457058,0
21.9018623,71.8957058,0
21.9018623,72.1457058,8
22.1518623,71.3957058,0
22.1518623,71.6457058,0
22.1518623,71.8957058,0
22.1518623,72.1457058,10
22.4018623,71.3957058,0
22.4018623,71.6457058,0
22.4018623,71.8957058,0
22.4018623,72.1457058,10
21.5467098,71.1689617,0
21.5467098,71.4189617,0
21.5467098,71.6689617,0
21.5467098,71.9189617,0
21.7967098,71.1689617,0
21.7967098,71.4189617,0
21.7967098,71.6689617,0
21.7967098,71.9189617,0
22.0467098,71.1689617,0
22.0467098,71.4189617,0
22.0467098,71.6689617,0
22.0467098,71.9189617,0
22.2967098,71.1689617,0
22.2967098,71.4189617,0
22.2967098,71.6689617,0
22.2967098,71.9189617,0
21.7176085,69.1578939,0
21.7176085,69.4078939,0
21.7176085,69.6578939,0
21.7176085,69.9078939,0
21.9676085,69.1578939,0
21.9676085,69.4078939,0
21.9676085,69.6578939,0
21.9676085,69.9078939,0
22.2176085,69.1578939,0
22.2176085,69.4078939,0
22.2176085,69.6578939,0
22.2176085,69.9078939,0
22.4676085,69.1578939,0
22.4676085,69.4078939,0
22.4676085,69.6578939,0
22.4676085,69.9078939,0
21.7143736,69.8834253,0
21.7143736,70.1334253,0
21.7143736,70.3834253,0
21.7143736,70.6334253,0
21.9643736,69.8834253,0
21.9643736,70.1334253,0
21.9643736,70.3834253,0
21.9643736,70.6334253,0
22.2143736,69.8834253,0
22.2143736,70.1334253,0
22.2143736,70.3834253,0
22.2143736,70.6334253,0
22.4643736,69.8834253,0
22.4643736,70.1334253,0
22.4643736,70.3834253,0
22.4643736,70.6334253,0
21.7424747,68.4671448,0
21.7424747,68.7171448,0
21.7424747,68.9671448,0
21.7424747,69.2171448,0
21.9924747,68.4671448,0
21.9924747,68.7171448,0
21.9924747,68.9671448,0
21.9924747,69.2171448,0
22.2424747,68.4671448,0
22.2424747,68.7171448,0
22.2424747,68.9671448,0
22.2424747,69.2171448,0
22.4924747,68.4671448,0
22.4924747,68.7171448,0
22.4924747,68.9671448,0
22.4924747,69.2171448,0
21.7412214,72.5855259,5
21.7412214,72.8355259,8
21.7412214,73.0855259,13
21.7412214,73.3355259,148
21.9912214,72.5855259,6
21.9912214,72.8355259,10
21.9912214,73.0855259,28
21.9912214,73.3355259,37
22.2412214,72.5855259,-3
22.2412214,72.8355259,4
22.2412214,73.0855259,30
22.2412214,73.3355259,36
22.4912214,72.5855259,15
22.4912214,72.8355259,32
22.4912214,73.0855259,28
22.4912214,73.3355259,68
21.8166806,72.1243126,8
21.8166806,72.3743126,-7
21.8166806,72.6243126,5
21.8166806,72.8743126,13
22.0666806,72.1243126,11
22.0666806,72.3743126,-16
22.0666806,72.6243126,7
22.0666806,72.8743126,14
22.3166806,72.1243126,9
22.3166806,72.3743126,-1
22.3166806,72.6243126,16
22.3166806,72.8743126,26
22.5666806,72.1243126,11
22.5666806,72.3743126,8
22.5666806,72.6243126,21
22.5666806,72.8743126,35
21.8598858,71.2169084,0
21.8598858,71.4669084,0
21.8598858,71.7169084,0
21.8598858,71.9669084,0
22.1098858,71.2169084,0
22.1098858,71.4669084,0
22.1098858,71.7169084,0
22.1098858,71.9669084,0
22.3598858,71.2169084,0
22.3598858,71.4669084,0
22.3598858,71.7169084,0
22.3598858,71.9669084,0
22.6098858,71.2169084,0
22.6098858,71.4669084,0
22.6098858,71.7169084,0
22.6098858,71.9669084,0
21.9516351,72.5671647,7
21.9516351,72.8171647,8
21.9516351,73.0671647,26
21.9516351,73.3171647,38
22.2016351,72.5671647,-1
22.2016351,72.8171647,9
22.2016351,73.0671647,29
22.2016351,73.3171647,36
22.4516351,72.5671647,11
22.4516351,72.8171647,30
22.4516351,73.0671647,39
22.4516351,73.3171647,53
22.7016351,72.5671647,20
22.7016351,72.8171647,33
22.7016351,73.0671647,49
22.7016351,73.3171647,59
22.0494312,70.9820838,0
22.0494312,71.2320838,0
22.0494312,71.4820838,0
22.0494312,71.7320838,0
22.2994312,70.9820838,0
22.2994312,71.2320838,0
22.2994312,71.4820838,0
22.2994312,71.7320838,0
22.5494312,70.9820838,0
22.5494312,71.2320838,0
22.5494312,71.4820838,0
22.5494312,71.7320838,0
22.7994312,70.9820838,0
22.7994312,71.2320838,0
22.7994312,71.4820838,0
22.7994312,71.7320838,0
22.0660006,71.2899425,0
22.0660006,71.5399425,0
22.0660006,71.7899425,0
22.0660006,72.0399425,7
22.3160006,71.2899425,0
22.3160006,71.5399425,0
22.3160006,71.7899425,0
22.3160006,72.0399425,12
22.5660006,71.2899425,0
22.5660006,71.5399425,0
22.5660006,71.7899425,0
22.5660006,72.0399425,10
22.8160006,71.2899425,0
22.8160006,71.5399425,0
22.8160006,71.7899425,0
22.8160006,72.0399425,5
22.7452165,71.9966223,0
22.7452165,72.2466223,12
22.7452165,72.4966223,20
22.7452165,72.7466223,28
22.9952165,71.9966223,0
22.9952165,72.2466223,29
22.9952165,72.4966223,41
22.9952165,72.7466223,48
23.2452165,71.9966223,0
23.2452165,72.2466223,44
23.2452165,72.4966223,72
23.2452165,72.7466223,81
23.4952165,71.9966223,0
23.4952165,72.2466223,66
23.4952165,72.4966223,100
23.4952165,72.7466223,117
22.1153934,70.4495617,0
22.1153934,70.6995617,0
22.1153934,70.9495617,0
22.1153934,71.1995617,0
22.3653934,70.4495617,0
22.3653934,70.6995617,0
22.3653934,70.9495617,0
22.3653934,71.1995617,0
22.6153934,70.4495617,0
22.6153934,70.6995617,0
22.6153934,70.9495617,0
22.6153934,71.1995617,0
22.8653934,70.4495617,0
22.8653934,70.6995617,0
22.8653934,70.9495617,0
22.8653934,71.1995617,0
22.1562177,70.2486911,0
22.1562177,70.4986911,0
22.1562177,70.7486911,0
22.1562177,70.9986911,0
22.4062177,70.2486911,0
22.4062177,70.4986911,0
22.4062177,70.7486911,0
22.4062177,70.9986911,0
22.6562177,70.2486911,0
22.6562177,70.4986911,0
22.6562177,70.7486911,0
22.6562177,70.9986911,0
22.9062177,70.2486911,0
22.9062177,70.4986911,0
22.9062177,70.7486911,0
22.9062177,70.9986911,0
22.1925104,69.8054102,0
22.1925104,70.0554102,0
22.1925104,70.3054102,0
22.1925104,70.5554102,0
22.4425104,69.8054102,0
22.4425104,70.0554102,0
22.4425104,70.3054102,0
22.4425104,70.5554102,0
22.6925104,69.8054102,0
22.6925104,70.0554102,0
22.6925104,70.3054102,0
22.6925104,70.5554102,0
22.9425104,69.8054102,0
22.9425104,70.0554102,0
22.9425104,70.3054102,0
22.9425104,70.5554102,0
22.1895535,72.3713603,0
22.1895535,72.6213603,12
22.1895535,72.8713603,19
22.1895535,73.1213603,22
22.4395535,72.3713603,7
22.4395535,72.6213603,15
22.4395535,72.8713603,41
22.4395535,73.1213603,41
22.6895535,72.3713603,15
22.6895535,72.6213603,23
22.6895535,72.8713603,37
22.6895535,73.1213603,55
22.9395535,72.3713603,30
22.9395535,72.6213603,42
22.9395535,72.8713603,41
22.9395535,73.1213603,82
22.210552,71.1784206,0
22.210552,71.4284206,0
22.210552,71.6784206,0
22.210552,71.9284206,0
22.460552,71.1784206,0
22.460552,71.4284206,0
22.460552,71.6784206,0
22.460552,71.9284206,0
22.710552,71.1784206,0
22.710552,71.4284206,0
22.710552,71.6784206,0
22.710552,71.9284206,0
22.960552,71.1784206,0
22.960552,71.4284206,0
22.960552,71.6784206,0
22.960552,71.9284206,0
22.226607,71.9411863,0
22.226607,72.1911863,2
22.226607,72.4411863,-5
22.226607,72.6911863,-1
22.476607,71.9411863,0
22.476607,72.1911863,6
22.476607,72.4411863,8
22.476607,72.6911863,23
22.726607,71.9411863,0
22.726607,72.1911863,9
22.726607,72.4411863,28
22.726607,72.6911863,24
22.976607,71.9411863,0
22.976607,72.1911863,23
22.976607,72.4411863,36
22.976607,72.6911863,48
22.3532503,72.4953586,5
22.3532503,72.7453586,19
22.3532503,72.9953586,35
22.3532503,73.2453586,45
22.6032503,72.4953586,8
22.6032503,72.7453586,28
22.6032503,72.9953586,44
22.6032503,73.2453586,53
22.8532503,72.4953586,26
22.8532503,72.7453586,34
22.8532503,72.9953586,55
22.8532503,73.2453586,65
23.1032503,72.4953586,53
23.1032503,72.7453586,59
23.1032503,72.9953586,77
23.1032503,73.2453586,111
22.3201982,72.4386868,5
22.3201982,72.6886868,17
22.3201982,72.9386868,20
22.3201982,73.1886868,39
22.5701982,72.4386868,13
22.5701982,72.6886868,26
22.5701982,72.9386868,39
22.5701982,73.1886868,49
22.8201982,72.4386868,32
22.8201982,72.6886868,24
22.8201982,72.9386868,47
22.8201982,73.1886868,59
23.0701982,72.4386868,43
23.0701982,72.6886868,59
23.0701982,72.9386868,71
23.0701982,73.1886868,101
22.3003959,70.386232,0
22.3003959,70.636232,0
22.3003959,70.886232,0
22.3003959,71.136232,0
22.5503959,70.386232,0
22.5503959,70.636232,0
22.5503959,70.886232,0
22.5503959,71.136232,0
22.8003959,70.386232,0
22.8003959,70.636232,0
22.8003959,70.886232,0
22.8003959,71.136232,0
23.0503959,70.386232,0
23.0503959,70.636232,0
23.0503959,70.886232,0
23.0503959,71.136232,0
22.3278859,71.8684741,0
22.3278859,72.1184741,6
22.3278859,72.3684741,6
22.3278859,72.6184741,20
22.5778859,71.8684741,0
22.5778859,72.1184741,10
22.5778859,72.3684741,13
22.5778859,72.6184741,18
22.8278859,71.8684741,0
22.8278859,72.1184741,10
22.8278859,72.3684741,27
22.8278859,72.6184741,33
23.0778859,71.8684741,0
23.0778859,72.1184741,29
23.0778859,72.3684741,44
23.0778859,72.6184741,56
22.4194099,73.6342725,118
22.4194099,73.8842725,131
22.4194099,74.1342725,203
22.4194099,74.3842725,353
22.6694099,73.6342725,130
22.6694099,73.8842725,189
22.6694099,74.1342725,299
22.6694099,74.3842725,429
22.9194099,73.6342725,130
22.9194099,73.8842725,213
22.9194099,74.1342725,315
22.9194099,74.3842725,267
23.1694099,73.6342725,108
23.1694099,73.8842725,160
23.1694099,74.1342725,268
23.1694099,74.3842725,296
21.5952121,72.9721107,19
21.5952121,73.2221107,67
21.5952121,73.4721107,155
21.5952121,73.7221107,397
21.8452121,72.9721107,15
21.8452121,73.2221107,20
21.8452121,73.4721107,69
21.8452121,73.7221107,192
22.0952121,72.9721107,21
22.0952121,73.2221107,27
22.0952121,73.4721107,49
22.0952121,73.7221107,76
22.3452121,72.9721107,30
22.3452121,73.2221107,38
22.3452121,73.4721107,66
22.3452121,73.7221107,157
22.3724876,71.2763542,0
22.3724876,71.5263542,0
22.3724876,71.7763542,0
22.3724876,72.0263542,14
22.6224876,71.2763542,0
22.6224876,71.5263542,0
22.6224876,71.7763542,0
22.6224876,72.0263542,8
22.8724876,71.2763542,0
22.8724876,71.5263542,0
22.8724876,71.7763542,0
22.8724876,72.0263542,15
23.1224876,71.2763542,0
23.1224876,71.5263542,0
23.1224876,71.7763542,0
23.1224876,72.0263542,25
22.3985648,72.4908519,9
22.3985648,72.7408519,22
22.3985648,72.9908519,33
22.3985648,73.2408519,46
22.6485648,72.4908519,17
22.6485648,72.7408519,28
22.6485648,72.9908519,38
22.6485648,73.2408519,17
22.8985648,72.4908519,31
22.8985648,72.7408519,44
22.8985648,72.9908519,56
22.8985648,73.2408519,68
23.1485648,72.4908519,68
23.1485648,72.7408519,69
23.1485648,72.9908519,82
23.1485648,73.2408519,109
22.4561711,72.8370129,33
22.4561711,73.0870129,23
22.4561711,73.3370129,56
22.4561711,73.5870129,110
22.7061711,72.8370129,37
22.7061711,73.0870129,48
22.7061711,73.3370129,59
22.7061711,73.5870129,120
22.9561711,72.8370129,55
22.9561711,73.0870129,71
22.9561711,73.3370129,89
22.9561711,73.5870129,117
23.2061711,72.8370129,82
23.2061711,73.0870129,92
23.2061711,73.3370129,130
23.2061711,73.5870129,88
22.4914292,70.9663753,0
22.4914292,71.2163753,0
22.4914292,71.4663753,0
22.4914292,71.7163753,0
22.7414292,70.9663753,0
22.7414292,71.2163753,0
22.7414292,71.4663753,0
22.7414292,71.7163753,0
22.9914292,70.9663753,0
22.9914292,71.2163753,0
22.9914292,71.4663753,0
22.9914292,71.7163753,0
23.2414292,70.9663753,0
23.2414292,71.2163753,0
23.2414292,71.4663753,0
23.2414292,71.7163753,0
22.5215374,72.0800568,9
22.5215374,72.3300568,4
22.5215374,72.5800568,18
22.5215374,72.8300568,37
22.7715374,72.0800568,8
22.7715374,72.3300568,17
22.7715374,72.5800568,22
22.7715374,72.8300568,32
23.0215374,72.0800568,24
23.0215374,72.3300568,31
23.0215374,72.5800568,51
23.0215374,72.8300568,58
23.2715374,72.0800568,37
23.2715374,72.3300568,57
23.2715374,72.5800568,82
23.2715374,72.8300568,91
22.5232402,72.5727531,17
22.5232402,72.8227531,34
22.5232402,73.0727531,47
22.5232402,73.3227531,68
22.7732402,72.5727531,24
22.7732402,72.8227531,33
22.7732402,73.0727531,51
22.7732402,73.3227531,57
23.0232402,72.5727531,52
23.0232402,72.8227531,57
23.0232402,73.0727531,91
23.0232402,73.3227531,112
23.2732402,72.5727531,72
23.2732402,72.8227531,92
23.2732402,73.0727531,102
23.2732402,73.3227531,119
22.5182418,70.6833818,0
22.5182418,70.9333818,0
22.5182418,71.1833818,0
22.5182418,71.4333818,0
22.7682418,70.6833818,0
22.7682418,70.9333818,0
22.7682418,71.1833818,0
22.7682418,71.4333818,0
23.0182418,70.6833818,0
23.0182418,70.9333818,0
23.0182418,71.1833818,0
23.0182418,71.4333818,0
23.2682418,70.6833818,0
23.2682418,70.9333818,0
23.2682418,71.1833818,0
23.2682418,71.4333818,0
20.6598605,69.8071313,0
20.6598605,70.0571313,0
20.6598605,70.3071313,0
20.6598605,70.5571313,0
20.9098605,69.8071313,0
20.9098605,70.0571313,0
20.9098605,70.3071313,0
20.9098605,70.5571313,0
21.1598605,69.8071313,0
21.1598605,70.0571313,0
21.1598605,70.3071313,0
21.1598605,70.5571313,0
21.4098605,69.8071313,0
21.4098605,70.0571313,0
21.4098605,70.3071313,0
21.4098605,70.5571313,0
22.6290668,73.111114,51
22.6290668,73.361114,63
22.6290668,73.611114,120
22.6290668,73.861114,214
22.8790668,73.111114,75
22.8790668,73.361114,77
22.8790668,73.611114,119
22.8790668,73.861114,169
23.1290668,73.111114,90
23.1290668,73.361114,151
23.1290668,73.611114,102
23.1290668,73.861114,184
23.3790668,73.111114,114
23.3790668,73.361114,134
23.3790668,73.611114,160
23.3790668,73.861114,147
22.6909514,71.2959976,0
22.6909514,71.5459976,0
22.6909514,71.7959976,0
22.6909514,72.0459976,11
22.9409514,71.2959976,0
22.9409514,71.5459976,0
22.9409514,71.7959976,0
22.9409514,72.0459976,21
23.1909514,71.2959976,0
23.1909514,71.5459976,0
23.1909514,71.7959976,0
23.1909514,72.0459976,26
23.4409514,71.2959976,0
23.4409514,71.5459976,0
23.4409514,71.7959976,0
23.4409514,72.0459976,41
22.6927742,73.3959255,67
22.6927742,73.6459255,142
22.6927742,73.8959255,176
22.6927742,74.1459255,416
22.9427742,73.3959255,66
22.9427742,73.6459255,146
22.9427742,73.8959255,169
22.9427742,74.1459255,323
23.1927742,73.3959255,140
23.1927742,73.6459255,107
23.1927742,73.8959255,141
23.1927742,74.1459255,274
23.4427742,73.3959255,172
23.4427742,73.6459255,199
23.4427742,73.8959255,181
23.4427742,74.1459255,191
22.7248593,72.7153042,26
22.7248593,72.9653042,41
22.7248593,73.2153042,76
22.7248593,73.4653042,85
22.9748593,72.7153042,46
22.9748593,72.9653042,65
22.9748593,73.2153042,86
22.9748593,73.4653042,69
23.2248593,72.7153042,80
23.2248593,72.9653042,94
23.2248593,73.2153042,104
23.2248593,73.4653042,118
23.4748593,72.7153042,112
23.4748593,72.9653042,124
23.4748593,73.2153042,141
23.4748593,73.4653042,169
22.7452165,71.9966223,0
22.7452165,72.2466223,12
22.7452165,72.4966223,20
22.7452165,72.7466223,28
22.9952165,71.9966223,0
22.9952165,72.2466223,29
22.9952165,72.4966223,41
22.9952165,72.7466223,48
23.2452165,71.9966223,0
23.2452165,72.2466223,44
23.2452165,72.4966223,72
23.2452165,72.7466223,81
23.4952165,71.9966223,0
23.4952165,72.2466223,66
23.4952165,72.4966223,100
23.4952165,72.7466223,117
21.7480573,68.4765526,0
21.7480573,68.7265526,0
21.7480573,68.9765526,0
21.7480573,69.2265526,0
21.9980573,68.4765526,0
21.9980573,68.7265526,0
21.9980573,68.9765526,0
21.9980573,69.2265526,0
22.2480573,68.4765526,0
22.2480573,68.7265526,0
22.2480573,68.9765526,0
22.2480573,69.2265526,0
22.4980573,68.4765526,0
22.4980573,68.7265526,0
22.4980573,68.9765526,0
22.4980573,69.2265526,0
22.8594332,72.9649753,54
22.8594332,73.2149753,62
22.8594332,73.4649753,82
22.8594332,73.7149753,148
23.1094332,72.9649753,53
23.1094332,73.2149753,108
23.1094332,73.4649753,93
23.1094332,73.7149753,187
23.3594332,72.9649753,113
23.3594332,73.2149753,130
23.3594332,73.4649753,148
23.3594332,73.7149753,137
23.6094332,72.9649753,139
23.6094332,73.2149753,171
23.6094332,73.4649753,189
23.6094332,73.7149753,212
21.748927,68.4673115,0
21.748927,68.7173115,0
21.748927,68.9673115,0
21.748927,69.2173115,0
21.998927,68.4673115,0
21.998927,68.7173115,0
21.998927,68.9673115,0
21.998927,69.2173115,0
22.248927,68.4673115,0
22.248927,68.7173115,0
22.248927,68.9673115,0
22.248927,69.2173115,0
22.498927,68.4673115,0
22.498927,68.7173115,0
22.498927,68.9673115,0
22.498927,69.2173115,0
22.925103,72.1583024,19
22.925103,72.4083024,28
22.925103,72.6583024,42
22.925103,72.9083024,53
23.175103,72.1583024,34
23.175103,72.4083024,47
23.175103,72.6583024,54
23.175103,72.9083024,84
23.425103,72.1583024,51
23.425103,72.4083024,92
23.425103,72.6583024,107
23.425103,72.9083024,117
23.675103,72.1583024,65
23.675103,72.4083024,95
23.675103,72.6583024,133
23.675103,72.9083024,154
22.9372086,72.3518061,23
22.9372086,72.6018061,42
22.9372086,72.8518061,54
22.9372086,73.1018061,75
23.1872086,72.3518061,54
23.1872086,72.6018061,72
23.1872086,72.8518061,78
23.1872086,73.1018061,90
23.4372086,72.3518061,80
23.4372086,72.6018061,103
23.4372086,72.8518061,123
23.4372086,73.1018061,128
23.6872086,72.3518061,90
23.6872086,72.6018061,125
23.6872086,72.8518061,131
23.6872086,73.1018061,258
21.7492551,68.458981,0
21.7492551,68.708981,0
21.7492551,68.958981,0
21.7492551,69.208981,0
21.9992551,68.458981,0
21.9992551,68.708981,0
21.9992551,68.958981,0
21.9992551,69.208981,0
22.2492551,68.458981,0
22.2492551,68.708981,0
22.2492551,68.958981,0
22.2492551,69.208981,0
22.4992551,68.458981,0
22.4992551,68.708981,0
22.4992551,68.958981,0
22.4992551,69.208981,0
23.1015557,71.8867981,0
23.1015557,72.1367981,30
23.1015557,72.3867981,47
23.1015557,72.6367981,58
23.3515557,71.8867981,0
23.3515557,72.1367981,47
23.3515557,72.3867981,74
23.3515557,72.6367981,90
23.6015557,71.8867981,0
23.6015557,72.1367981,56
23.6015557,72.3867981,94
23.6015557,72.6367981,120
23.8515557,71.8867981,0
23.8515557,72.1367981,80
23.8515557,72.3867981,125
23.8515557,72.6367981,162
23.3362255,72.5114616,79
23.3362255,72.7614616,94
23.3362255,73.0114616,107
23.3362255,73.2614616,122
23.5862255,72.5114616,109
23.5862255,72.7614616,126
23.5862255,73.0114616,148
23.5862255,73.2614616,184
23.8362255,72.5114616,143
23.8362255,72.7614616,170
23.8362255,73.0114616,218
23.8362255,73.2614616,256
24.0862255,72.5114616,0
24.0862255,72.7614616,0
24.0862255,73.0114616,0
24.0862255,73.2614616,0
23.5310837,72.5484016,102
23.5310837,72.7984016,127
23.5310837,73.0484016,142
23.5310837,73.2984016,161
23.7810837,72.5484016,137
23.7810837,72.7984016,137
23.7810837,73.0484016,181
23.7810837,73.2984016,235
24.0310837,72.5484016,0
24.0310837,72.7984016,0
24.0310837,73.0484016,0
24.0310837,73.2984016,0
24.2810837,72.5484016,0
24.2810837,72.7984016,0
24.2810837,73.0484016,0
24.2810837,73.2984016,0
23.6709794,71.9366375,0
23.6709794,72.1866375,65
23.6709794,72.4366375,101
23.6709794,72.6866375,137
23.9209794,71.9366375,0
23.9209794,72.1866375,92
23.9209794,72.4366375,153
23.9209794,72.6866375,192
24.1709794,71.9366375,0
24.1709794,72.1866375,0
24.1709794,72.4366375,0
24.1709794,72.6866375,0
24.4209794,71.9366375,0
24.4209794,72.1866375,0
24.4209794,72.4366375,0
24.4209794,72.6866375,0
23.7594977,71.6803348,0
23.7594977,71.9303348,0
23.7594977,72.1803348,79
23.7594977,72.4303348,117
24.0094977,71.6803348,0
24.0094977,71.9303348,0
24.0094977,72.1803348,0
24.0094977,72.4303348,0
24.2594977,71.6803348,0
24.2594977,71.9303348,0
24.2594977,72.1803348,0
24.2594977,72.4303348,0
24.5094977,71.6803348,0
24.5094977,71.9303348,0
24.5094977,72.1803348,0
24.5094977,72.4303348,0
23.8897272,71.1292685,0
23.8897272,71.3792685,0
23.8897272,71.6292685,0
23.8897272,71.8792685,0
24.1397272,71.1292685,0
24.1397272,71.3792685,0
24.1397272,71.6292685,0
24.1397272,71.8792685,0
24.3897272,71.1292685,0
24.3897272,71.3792685,0
24.3897272,71.6292685,0
24.3897272,71.8792685,0
24.6397272,71.1292685,0
24.6397272,71.3792685,0
24.6397272,71.6292685,0
24.6397272,71.8792685,0
22.7472446,69.168339,0
22.7472446,69.418339,0
22.7472446,69.668339,0
22.7472446,69.918339,0
22.9972446,69.168339,0
22.9972446,69.418339,0
22.9972446,69.668339,0
22.9972446,69.918339,0
23.2472446,69.168339,0
23.2472446,69.418339,0
23.2472446,69.668339,0
23.2472446,69.918339,0
23.4972446,69.168339,0
23.4972446,69.418339,0
23.4972446,69.668339,0
23.4972446,69.918339,0
21.378069,73.0039695,27
21.378069,73.2539695,106
21.378069,73.5039695,270
21.378069,73.7539695,142
21.628069,73.0039695,19
21.628069,73.2539695,66
21.628069,73.5039695,155
21.628069,73.7539695,380
21.878069,73.0039695,21
21.878069,73.2539695,18
21.878069,73.5039695,41
21.878069,73.7539695,207
22.128069,73.0039695,20
22.128069,73.2539695,33
22.128069,73.5039695,45
22.128069,73.7539695,83
22.6224522,71.5483946,0
22.6224522,71.7983946,0
22.6224522,72.0483946,8
22.6224522,72.2983946,13
22.8724522,71.5483946,0
22.8724522,71.7983946,0
22.8724522,72.0483946,12
22.8724522,72.2983946,18
23.1224522,71.5483946,0
23.1224522,71.7983946,0
23.1224522,72.0483946,34
23.1224522,72.2983946,40
23.3724522,71.5483946,0
23.3724522,71.7983946,0
23.3724522,72.0483946,40
23.3724522,72.2983946,62
22.7883831,71.4178854,0
22.7883831,71.6678854,0
22.7883831,71.9178854,0
22.7883831,72.1678854,10
23.0383831,71.4178854,0
23.0383831,71.6678854,0
23.0383831,71.9178854,0
23.0383831,72.1678854,26
23.2883831,71.4178854,0
23.2883831,71.6678854,0
23.2883831,71.9178854,0
23.2883831,72.1678854,48
23.5383831,71.4178854,0
23.5383831,71.6678854,0
23.5383831,71.9178854,0
23.5383831,72.1678854,56
22.8030966,70.0069387,0
22.8030966,70.2569387,0
22.8030966,70.5069387,0
22.8030966,70.7569387,0
23.0530966,70.0069387,0
23.0530966,70.2569387,0
23.0530966,70.5069387,0
23.0530966,70.7569387,0
23.3030966,70.0069387,0
23.3030966,70.2569387,0
23.3030966,70.5069387,0
23.3030966,70.7569387,0
23.5530966,70.0069387,0
23.5530966,70.2569387,0
23.5530966,70.5069387,0
23.5530966,70.7569387,0
22.5238876,71.8851475,0
22.5238876,72.1351475,10
22.5238876,72.3851475,11
22.5238876,72.6351475,21
22.7738876,71.8851475,0
22.7738876,72.1351475,11
22.7738876,72.3851475,20
22.7738876,72.6351475,25
23.0238876,71.8851475,0
23.0238876,72.1351475,24
23.0238876,72.3851475,44
23.0238876,72.6351475,52
23.2738876,71.8851475,0
23.2738876,72.1351475,42
23.2738876,72.3851475,77
23.2738876,72.6351475,75
21.0220416,69.9582458,0
21.0220416,70.2082458,0
21.0220416,70.4582458,0
21.0220416,70.7082458,0
21.2720416,69.9582458,0
21.2720416,70.2082458,0
21.2720416,70.4582458,0
21.2720416,70.7082458,0
21.5220416,69.9582458,0
21.5220416,70.2082458,0
21.5220416,70.4582458,0
21.5220416,70.7082458,0
21.7720416,69.9582458,0
21.7720416,70.2082458,0
21.7720416,70.4582458,0
21.7720416,70.7082458,0
21.4575096,70.3009896,0
21.4575096,70.5509896,0
21.4575096,70.8009896,0
21.4575096,71.0509896,0
21.7075096,70.3009896,0
21.7075096,70.5509896,0
21.7075096,70.8009896,0
21.7075096,71.0509896,0
21.9575096,70.3009896,0
21.9575096,70.5509896,0
21.9575096,70.8009896,0
21.9575096,71.0509896,0
22.2075096,70.3009896,0
22.2075096,70.5509896,0
22.2075096,70.8009896,0
22.2075096,71.0509896,0
20.6598605,69.8071313,0
20.6598605,70.0571313,0
20.6598605,70.3071313,0
20.6598605,70.5571313,0
20.9098605,69.8071313,0
20.9098605,70.0571313,0
20.9098605,70.3071313,0
20.9098605,70.5571313,0
21.1598605,69.8071313,0
21.1598605,70.0571313,0
21.1598605,70.3071313,0
21.1598605,70.5571313,0
21.4098605,69.8071313,0
21.4098605,70.0571313,0
21.4098605,70.3071313,0
21.4098605,70.5571313,0
22.7232877,72.1492267,11
22.7232877,72.3992267,19
22.7232877,72.6492267,23
22.7232877,72.8992267,35
22.9732877,72.1492267,21
22.9732877,72.3992267,38
22.9732877,72.6492267,40
22.9732877,72.8992267,63
23.2232877,72.1492267,38
23.2232877,72.3992267,61
23.2232877,72.6492267,77
23.2232877,72.8992267,89
23.4732877,72.1492267,51
23.4732877,72.3992267,91
23.4732877,72.6492267,111
23.4732877,72.8992267,126
21.1228345,69.4852088,0
21.1228345,69.7352088,0
21.1228345,69.9852088,0
21.1228345,70.2352088,0
21.3728345,69.4852088,0
21.3728345,69.7352088,0
21.3728345,69.9852088,0
21.3728345,70.2352088,0
21.6228345,69.4852088,0
21.6228345,69.7352088,0
21.6228345,69.9852088,0
21.6228345,70.2352088,0
21.8728345,69.4852088,0
21.8728345,69.7352088,0
21.8728345,69.9852088,0
21.8728345,70.2352088,0
20.7556395,69.4653396,0
20.7556395,69.7153396,0
20.7556395,69.9653396,0
20.7556395,70.2153396,0
21.0056395,69.4653396,0
21.0056395,69.7153396,0
21.0056395,69.9653396,0
21.0056395,70.2153396,0
21.2556395,69.4653396,0
21.2556395,69.7153396,0
21.2556395,69.9653396,0
21.2556395,70.2153396,0
21.5056395,69.4653396,0
21.5056395,69.7153396,0
21.5056395,69.9653396,0
21.5056395,70.2153396,0
21.1986198,69.2268474,0
21.1986198,69.4768474,0
21.1986198,69.7268474,0
21.1986198,69.9768474,0
21.4486198,69.2268474,0
21.4486198,69.4768474,0
21.4486198,69.7268474,0
21.4486198,69.9768474,0
21.6986198,69.2268474,0
21.6986198,69.4768474,0
21.6986198,69.7268474,0
21.6986198,69.9768474,0
21.9486198,69.2268474,0
21.9486198,69.4768474,0
21.9486198,69.7268474,0
21.9486198,69.9768474,0
21.6336175,72.9201004,6
21.6336175,73.1701004,47
21.6336175,73.4201004,154
21.6336175,73.6701004,309
21.8836175,72.9201004,14
21.8836175,73.1701004,27
21.8836175,73.4201004,38
21.8836175,73.6701004,13
22.1336175,72.9201004,20
22.1336175,73.1701004,24
22.1336175,73.4201004,55
22.1336175,73.6701004,68
22.3836175,72.9201004,33
22.3836175,73.1701004,43
22.3836175,73.4201004,63
22.3836175,73.6701004,170
20.4388589,70.9770408,0
20.4388589,71.2270408,0
20.4388589,71.4770408,0
20.4388589,71.7270408,0
20.6888589,70.9770408,0
20.6888589,71.2270408,0
20.6888589,71.4770408,0
20.6888589,71.7270408,0
20.9388589,70.9770408,0
20.9388589,71.2270408,0
20.9388589,71.4770408,0
20.9388589,71.7270408,0
21.1888589,70.9770408,0
21.1888589,71.2270408,0
21.1888589,71.4770408,0
21.1888589,71.7270408,0
21.2543725,70.1189391,0
21.2543725,70.3689391,0
21.2543725,70.6189391,0
21.2543725,70.8689391,0
21.5043725,70.1189391,0
21.5043725,70.3689391,0
21.5043725,70.6189391,0
21.5043725,70.8689391,0
21.7543725,70.1189391,0
21.7543725,70.3689391,0
21.7543725,70.6189391,0
21.7543725,70.8689391,0
22.0043725,70.1189391,0
22.0043725,70.3689391,0
22.0043725,70.6189391,0
22.0043725,70.8689391,0
19.9621395,72.4190049,0
19.9621395,72.6690049,0
19.9621395,72.9190049,0
19.9621395,73.1690049,0
20.2121395,72.4190049,-29
20.2121395,72.6690049,-10
20.2121395,72.9190049,31
20.2121395,73.1690049,193
20.4621395,72.4190049,-22
20.4621395,72.6690049,-14
20.4621395,72.9190049,23
20.4621395,73.1690049,73
20.7121395,72.4190049,-17
20.7121395,72.6690049,-10
20.7121395,72.9190049,7
20.7121395,73.1690049,50
21.9770467,72.3003365,-5
21.9770467,72.5503365,7
21.9770467,72.8003365,6
21.9770467,73.0503365,21
22.2270467,72.3003365,4
22.2270467,72.5503365,-4
22.2270467,72.8003365,4
22.2270467,73.0503365,28
22.4770467,72.3003365,7
22.4770467,72.5503365,16
22.4770467,72.8003365,37
22.4770467,73.0503365,46
22.7270467,72.3003365,14
22.7270467,72.5503365,25
22.7270467,72.8003365,31
22.7270467,73.0503365,47
23.3851474,72.1172316,44
23.3851474,72.3672316,78
23.3851474,72.6172316,98
23.3851474,72.8672316,107
23.6351474,72.1172316,55
23.6351474,72.3672316,85
23.6351474,72.6172316,120
23.6351474,72.8672316,126
23.8851474,72.1172316,82
23.8851474,72.3672316,132
23.8851474,72.6172316,177
23.8851474,72.8672316,191
24.1351474,72.1172316,0
24.1351474,72.3672316,0
24.1351474,72.6172316,0
24.1351474,72.8672316,0
23.2853622,72.1332132,40
23.2853622,72.3832132,69
23.2853622,72.6332132,82
23.2853622,72.8832132,96
23.5353622,72.1332132,55
23.5353622,72.3832132,87
23.5353622,72.6332132,115
23.5353622,72.8832132,104
23.7853622,72.1332132,76
23.7853622,72.3832132,114
23.7853622,72.6332132,156
23.7853622,72.8832132,165
24.0353622,72.1332132,0
24.0353622,72.3832132,0
24.0353622,72.6332132,0
24.0353622,72.8832132,0
21.8053263,70.3028377,0
21.8053263,70.5528377,0
21.8053263,70.8028377,0
21.8053263,71.0528377,0
22.0553263,70.3028377,0
22.0553263,70.5528377,0
22.0553263,70.8028377,0
22.0553263,71.0528377,0
22.3053263,70.3028377,0
22.3053263,70.5528377,0
22.3053263,70.8028377,0
22.3053263,71.0528377,0
22.5553263,70.3028377,0
22.5553263,70.5528377,0
22.5553263,70.8028377,0
22.5553263,71.0528377,0
21.8043328,72.9016768,13
21.8043328,73.1516768,3
21.8043328,73.4016768,105
21.8043328,73.6516768,412
22.0543328,72.9016768,13
22.0543328,73.1516768,29
22.0543328,73.4016768,40
22.0543328,73.6516768,57
22.3043328,72.9016768,26
22.3043328,73.1516768,34
22.3043328,73.4016768,55
22.3043328,73.6516768,89
22.5543328,72.9016768,34
22.5543328,73.1516768,26
22.5543328,73.4016768,77
22.5543328,73.6516768,128
24.0036694,71.5325116,0
24.0036694,71.7825116,0
24.0036694,72.0325116,0
24.0036694,72.2825116,0
24.2536694,71.5325116,0
24.2536694,71.7825116,0
24.2536694,72.0325116,0
24.2536694,72.2825116,0
24.5036694,71.5325116,0
24.5036694,71.7825116,0
24.5036694,72.0325116,0
24.5036694,72.2825116,0
24.7536694,71.5325116,0
24.7536694,71.7825116,0
24.7536694,72.0325116,0
24.7536694,72.2825116,0
21.9882996,72.1576842,3
21.9882996,72.4076842,-8
21.9882996,72.6576842,6
21.9882996,72.9076842,12
22.2382996,72.1576842,8
22.2382996,72.4076842,3
22.2382996,72.6576842,-1
22.2382996,72.9076842,9
22.4882996,72.1576842,8
22.4882996,72.4076842,7
22.4882996,72.6576842,20
22.4882996,72.9076842,33
22.7382996,72.1576842,12
22.7382996,72.4076842,18
22.7382996,72.6576842,24
22.7382996,72.9076842,39
21.9716083,68.5765418,0
21.9716083,68.8265418,0
21.9716083,69.0765418,0
21.9716083,69.3265418,0
22.2216083,68.5765418,0
22.2216083,68.8265418,0
22.2216083,69.0765418,0
22.2216083,69.3265418,0
22.4716083,68.5765418,0
22.4716083,68.8265418,0
22.4716083,69.0765418,0
22.4716083,69.3265418,0
22.7216083,68.5765418,0
22.7216083,68.8265418,0
22.7216083,69.0765418,0
22.7216083,69.3265418,0
22.483483,72.0007203,14
22.483483,72.2507203,6
22.483483,72.5007203,9
22.483483,72.7507203,27
22.733483,72.0007203,9
22.733483,72.2507203,9
22.733483,72.5007203,20
22.733483,72.7507203,31
22.983483,72.0007203,19
22.983483,72.2507203,26
22.983483,72.5007203,46
22.983483,72.7507203,53
23.233483,72.0007203,26
23.233483,72.2507203,49
23.233483,72.5007203,66
23.233483,72.7507203,80
20.8968581,71.6774463,0
20.8968581,71.9274463,0
20.8968581,72.1774463,-14
20.8968581,72.4274463,-13
21.1468581,71.6774463,0
21.1468581,71.9274463,0
21.1468581,72.1774463,-10
21.1468581,72.4274463,-11
21.3968581,71.6774463,0
21.3968581,71.9274463,0
21.3968581,72.1774463,5
21.3968581,72.4274463,-11
21.6468581,71.6774463,0
21.6468581,71.9274463,0
21.6468581,72.1774463,50
21.6468581,72.4274463,-4
22.0586555,72.4627227,-16
22.0586555,72.7127227,9
22.0586555,72.9627227,14
22.0586555,73.2127227,29
22.3086555,72.4627227,10
22.3086555,72.7127227,21
22.3086555,72.9627227,28
22.3086555,73.2127227,39
22.5586555,72.4627227,14
22.5586555,72.7127227,25
22.5586555,72.9627227,43
22.5586555,73.2127227,53
22.8086555,72.4627227,29
22.8086555,72.7127227,30
22.8086555,72.9627227,42
22.8086555,73.2127227,61
20.9512994,72.8205248,1
20.9512994,73.0705248,29
20.9512994,73.3205248,72
20.9512994,73.5705248,202
21.2012994,72.8205248,16
21.2012994,73.0705248,29
21.2012994,73.3205248,64
21.2012994,73.5705248,85
21.4512994,72.8205248,13
21.4512994,73.0705248,29
21.4512994,73.3205248,115
21.4512994,73.5705248,248
21.7012994,72.8205248,8
21.7012994,73.0705248,8
21.7012994,73.3205248,144
21.7012994,73.5705248,255
22.3314482,68.85081,0
22.3314482,69.10081,0
22.3314482,69.35081,0
22.3314482,69.60081,0
22.5814482,68.85081,0
22.5814482,69.10081,0
22.5814482,69.35081,0
22.5814482,69.60081,0
22.8314482,68.85081,0
22.8314482,69.10081,0
22.8314482,69.35081,0
22.8314482,69.60081,0
23.0814482,68.85081,0
23.0814482,69.10081,0
23.0814482,69.35081,0
23.0814482,69.60081,0
20.6338291,72.6053896,-14
20.6338291,72.8553896,-2
20.6338291,73.1053896,51
20.6338291,73.3553896,217
20.8838291,72.6053896,-10
20.8838291,72.8553896,12
20.8838291,73.1053896,24
20.8838291,73.3553896,80
21.1338291,72.6053896,-2
21.1338291,72.8553896,12
21.1338291,73.1053896,36
21.1338291,73.3553896,66
21.3838291,72.6053896,-4
21.3838291,72.8553896,12
21.3838291,73.1053896,45
21.3838291,73.3553896,90
19.7754926,72.387325,0
19.7754926,72.637325,0
19.7754926,72.887325,0
19.7754926,73.137325,0
20.0254926,72.387325,-35
20.0254926,72.637325,-10
20.0254926,72.887325,66
20.0254926,73.137325,362
20.2754926,72.387325,-27
20.2754926,72.637325,-15
20.2754926,72.887325,36
20.2754926,73.137325,200
20.5254926,72.387325,-21
20.5254926,72.637325,-15
20.5254926,72.887325,4
20.5254926,73.137325,65
20.4740869,72.4627704,-20
20.4740869,72.7127704,-12
20.4740869,72.9627704,25
20.4740869,73.2127704,199
20.7240869,72.4627704,-15
20.7240869,72.7127704,-8
20.7240869,72.9627704,9
20.7240869,73.2127704,54
20.9740869,72.4627704,-12
20.9740869,72.7127704,-4
20.9740869,72.9627704,17
20.9740869,73.2127704,50
21.2240869,72.4627704,-9
21.2240869,72.7127704,6
21.2240869,72.9627704,23
21.2240869,73.2127704,42
20.5878845,72.212561,-21
20.5878845,72.462561,-18
20.5878845,72.712561,-11
20.5878845,72.962561,20
20.8378845,72.212561,-16
20.8378845,72.462561,-13
20.8378845,72.712561,-6
20.8378845,72.962561,17
21.0878845,72.212561,-12
21.0878845,72.462561,-11
21.0878845,72.712561,10
21.0878845,72.962561,17
21.3378845,72.212561,-11
21.3378845,72.462561,-10
21.3378845,72.712561,6
21.3378845,72.962561,27
20.7375488,72.3505771,-17
20.7375488,72.6005771,-12
20.7375488,72.8505771,2
20.7375488,73.1005771,30
20.9875488,72.3505771,-15
20.9875488,72.6005771,-8
20.9875488,72.8505771,9
20.9875488,73.1005771,15
21.2375488,72.3505771,-12
21.2375488,72.6005771,-1
21.2375488,72.8505771,15
21.2375488,73.1005771,32
21.4875488,72.3505771,-11
21.4875488,72.6005771,-2
21.4875488,72.8505771,13
21.4875488,73.1005771,34
22.6006273,73.6560018,132
22.6006273,73.9060018,239
22.6006273,74.1560018,338
22.6006273,74.4060018,434
22.8506273,73.6560018,128
22.8506273,73.9060018,181
22.8506273,74.1560018,347
22.8506273,74.4060018,313
23.1006273,73.6560018,106
23.1006273,73.9060018,186
23.1006273,74.1560018,273
23.1006273,74.4060018,316
23.3506273,73.6560018,143
23.3506273,73.9060018,122
23.3506273,74.1560018,238
23.3506273,74.4060018,309
19.9321957,72.6409893,0
19.9321957,72.8909893,0
19.9321957,73.1409893,0
19.9321957,73.3909893,0
20.1821957,72.6409893,-12
20.1821957,72.8909893,61
20.1821957,73.1409893,74
20.1821957,73.3909893,325
20.4321957,72.6409893,-16
20.4321957,72.8909893,16
20.4321957,73.1409893,123
20.4321957,73.3909893,488
20.6821957,72.6409893,-12
20.6821957,72.8909893,4
20.6821957,73.1409893,43
20.6821957,73.3909893,188
20.2671693,72.4693451,-25
20.2671693,72.7193451,-7
20.2671693,72.9693451,46
20.2671693,73.2193451,274
20.5171693,72.4693451,-19
20.5171693,72.7193451,-12
20.5171693,72.9693451,30
20.5171693,73.2193451,210
20.7671693,72.4693451,-14
20.7671693,72.7193451,-7
20.7671693,72.9693451,12
20.7671693,73.2193451,59
21.0171693,72.4693451,-11
21.0171693,72.7193451,-1
21.0171693,72.9693451,20
21.0171693,73.2193451,42
21.7973142,72.6942567,10
21.7973142,72.9442567,14
21.7973142,73.1942567,15
21.7973142,73.4442567,215
22.0473142,72.6942567,8
22.0473142,72.9442567,11
22.0473142,73.1942567,34
22.0473142,73.4442567,42
22.2973142,72.6942567,17
22.2973142,72.9442567,6
22.2973142,73.1942567,36
22.2973142,73.4442567,58
22.5473142,72.6942567,24
22.5473142,72.9442567,38
22.5473142,73.1942567,50
22.5473142,73.4442567,92
23.4411124,72.5403755,91
23.4411124,72.7903755,110
23.4411124,73.0403755,122
23.4411124,73.2903755,139
23.6911124,72.5403755,124
23.6911124,72.7903755,141
23.6911124,73.0403755,167
23.6911124,73.2903755,188
23.9411124,72.5403755,180
23.9411124,72.7903755,185
23.9411124,73.0403755,217
23.9411124,73.2903755,535
24.1911124,72.5403755,0
24.1911124,72.7903755,0
24.1911124,73.0403755,0
24.1911124,73.2903755,0
21.811004,69.1025978,0
21.811004,69.3525978,0
21.811004,69.6025978,0
21.811004,69.8525978,0
22.061004,69.1025978,0
22.061004,69.3525978,0
22.061004,69.6025978,0
22.061004,69.8525978,0
22.311004,69.1025978,0
22.311004,69.3525978,0
22.311004,69.6025978,0
22.311004,69.8525978,0
22.561004,69.1025978,0
22.561004,69.3525978,0
22.561004,69.6025978,0
22.561004,69.8525978,0
20.079669,73.2478878,241
20.079669,73.4978878,450
20.079669,73.7478878,677
20.079669,73.9978878,557
20.329669,73.2478878,393
20.329669,73.4978878,441
20.329669,73.7478878,669
20.329669,73.9978878,719
20.579669,73.2478878,115
20.579669,73.4978878,340
20.579669,73.7478878,879
20.579669,73.9978878,623
20.829669,73.2478878,59
20.829669,73.4978878,134
20.829669,73.7478878,516
20.829669,73.9978878,950
22.2785001,73.1245157,30
22.2785001,73.3745157,43
22.2785001,73.6245157,82
22.2785001,73.8745157,112
22.5285001,73.1245157,35
22.5285001,73.3745157,80
22.5285001,73.6245157,127
22.5285001,73.8745157,245
22.7785001,73.1245157,66
22.7785001,73.3745157,72
22.7785001,73.6245157,131
22.7785001,73.8745157,186
23.0285001,73.1245157,83
23.0285001,73.3745157,84
23.0285001,73.6245157,132
23.0285001,73.8745157,184
22.668191,72.3223276,14
22.668191,72.5723276,19
22.668191,72.8223276,29
22.668191,73.0723276,51
22.918191,72.3223276,23
22.918191,72.5723276,40
22.918191,72.8223276,45
22.918191,73.0723276,58
23.168191,72.3223276,50
23.168191,72.5723276,66
23.168191,72.8223276,81
23.168191,73.0723276,71
23.418191,72.3223276,73
23.418191,72.5723276,94
23.418191,72.8223276,112
23.418191,73.0723276,120
21.8816365,71.4791414,0
21.8816365,71.7291414,0
21.8816365,71.9791414,0
21.8816365,72.2291414,6
22.1316365,71.4791414,0
22.1316365,71.7291414,0
22.1316365,71.9791414,0
22.1316365,72.2291414,5
22.3816365,71.4791414,0
22.3816365,71.7291414,0
22.3816365,71.9791414,0
22.3816365,72.2291414,10
22.6316365,71.4791414,0
22.6316365,71.7291414,0
22.6316365,71.9791414,0
22.6316365,72.2291414,10
22.1990518,72.615045,11
22.1990518,72.865045,26
22.1990518,73.115045,28
22.1990518,73.365045,40
22.4490518,72.615045,14
22.4490518,72.865045,31
22.4490518,73.115045,43
22.4490518,73.365045,62
22.6990518,72.615045,24
22.6990518,72.865045,38
22.6990518,73.115045,57
22.6990518,73.365045,61
22.9490518,72.615045,37
22.9490518,72.865045,55
22.9490518,73.115045,72
22.9490518,73.365045,76
20.2587262,73.1873533,308
20.2587262,73.4373533,351
20.2587262,73.6873533,700
20.2587262,73.9373533,635
20.5087262,73.1873533,151
20.5087262,73.4373533,514
20.5087262,73.6873533,860
20.5087262,73.9373533,702
20.7587262,73.1873533,50
20.7587262,73.4373533,157
20.7587262,73.6873533,472
20.7587262,73.9373533,790
21.0087262,73.1873533,43
21.0087262,73.4373533,93
21.0087262,73.6873533,478
21.0087262,73.9373533,548
21.0385705,71.0792958,0
21.0385705,71.3292958,0
21.0385705,71.5792958,0
21.0385705,71.8292958,0
21.2885705,71.0792958,0
21.2885705,71.3292958,0
21.2885705,71.5792958,0
21.2885705,71.8292958,0
21.5385705,71.0792958,0
21.5385705,71.3292958,0
21.5385705,71.5792958,0
21.5385705,71.8292958,0
21.7885705,71.0792958,0
21.7885705,71.3292958,0
21.7885705,71.5792958,0
21.7885705,71.8292958,0
21.6915377,69.463963,0
21.6915377,69.713963,0
21.6915377,69.963963,0
21.6915377,70.213963,0
21.9415377,69.463963,0
21.9415377,69.713963,0
21.9415377,69.963963,0
21.9415377,70.213963,0
22.1915377,69.463963,0
22.1915377,69.713963,0
22.1915377,69.963963,0
22.1915377,70.213963,0
22.4415377,69.463963,0
22.4415377,69.713963,0
22.4415377,69.963963,0
22.4415377,70.213963,0
20.9979645,69.6406499,0
20.9979645,69.8906499,0
20.9979645,70.1406499,0
20.9979645,70.3906499,0
21.2479645,69.6406499,0
21.2479645,69.8906499,0
21.2479645,70.1406499,0
21.2479645,70.3906499,0
21.4979645,69.6406499,0
21.4979645,69.8906499,0
21.4979645,70.1406499,0
21.4979645,70.3906499,0
21.7479645,69.6406499,0
21.7479645,69.8906499,0
21.7479645,70.1406499,0
21.7479645,70.3906499,0
20.9772602,69.8321207,0
20.9772602,70.0821207,0
20.9772602,70.3321207,0
20.9772602,70.5821207,0
21.2272602,69.8321207,0
21.2272602,70.0821207,0
21.2272602,70.3321207,0
21.2272602,70.5821207,0
21.4772602,69.8321207,0
21.4772602,70.0821207,0
21.4772602,70.3321207,0
21.4772602,70.5821207,0
21.7272602,69.8321207,0
21.7272602,70.0821207,0
21.7272602,70.3321207,0
21.7272602,70.5821207,0
20.8280712,70.5262213,0
20.8280712,70.7762213,0
20.8280712,71.0262213,0
20.8280712,71.2762213,0
21.0780712,70.5262213,0
21.0780712,70.7762213,0
21.0780712,71.0262213,0
21.0780712,71.2762213,0
21.3280712,70.5262213,0
21.3280712,70.7762213,0
21.3280712,71.0262213,0
21.3280712,71.2762213,0
21.5780712,70.5262213,0
21.5780712,70.7762213,0
21.5780712,71.0262213,0
21.5780712,71.2762213,0
20.3660085,70.8647543,0
20.3660085,71.1147543,0
20.3660085,71.3647543,0
20.3660085,71.6147543,0
20.6160085,70.8647543,0
20.6160085,71.1147543,0
20.6160085,71.3647543,0
20.6160085,71.6147543,0
20.8660085,70.8647543,0
20.8660085,71.1147543,0
20.8660085,71.3647543,0
20.8660085,71.6147543,0
21.1160085,70.8647543,0
21.1160085,71.1147543,0
21.1160085,71.3647543,0
21.1160085,71.6147543,0
21.3885909,71.3781618,0
21.3885909,71.6281618,0
21.3885909,71.8781618,0
21.3885909,72.1281618,36
21.6385909,71.3781618,0
21.6385909,71.6281618,0
21.6385909,71.8781618,0
21.6385909,72.1281618,77
21.8885909,71.3781618,0
21.8885909,71.6281618,0
21.8885909,71.8781618,0
21.8885909,72.1281618,7
22.1385909,71.3781618,0
22.1385909,71.6281618,0
22.1385909,71.8781618,0
22.1385909,72.1281618,6
23.1978037,72.0507598,27
23.1978037,72.3007598,49
23.1978037,72.5507598,68
23.1978037,72.8007598,76
23.4478037,72.0507598,45
23.4478037,72.3007598,66
23.4478037,72.5507598,96
23.4478037,72.8007598,112
23.6978037,72.0507598,64
23.6978037,72.3007598,88
23.6978037,72.5507598,133
23.6978037,72.8007598,141
23.9478037,72.0507598,72
23.9478037,72.3007598,122
23.9478037,72.5507598,178
23.9478037,72.8007598,173
22.2014918,73.4088415,44
22.2014918,73.6588415,75
22.2014918,73.9088415,112
22.2014918,74.1588415,236
22.4514918,73.4088415,70
22.4514918,73.6588415,285
22.4514918,73.9088415,169
22.4514918,74.1588415,234
22.7014918,73.4088415,73
22.7014918,73.6588415,144
22.7014918,73.9088415,197
22.7014918,74.1588415,421
22.9514918,73.4088415,71
22.9514918,73.6588415,153
22.9514918,73.9088415,175
22.9514918,74.1588415,323
21.1293206,72.4945103,-9
21.1293206,72.7445103,8
21.1293206,72.9945103,18
21.1293206,73.2445103,41
21.3793206,72.4945103,-9
21.3793206,72.7445103,10
21.3793206,72.9945103,28
21.3793206,73.2445103,95
21.6293206,72.4945103,-2
21.6293206,72.7445103,5
21.6293206,72.9945103,17
21.6293206,73.2445103,66
21.8793206,72.4945103,-4
21.8793206,72.7445103,7
21.8793206,72.9945103,17
21.8793206,73.2445103,20
21.9290087,69.3432372,0
21.9290087,69.5932372,0
21.9290087,69.8432372,0
21.9290087,70.0932372,0
22.1790087,69.3432372,0
22.1790087,69.5932372,0
22.1790087,69.8432372,0
22.1790087,70.0932372,0
22.4290087,69.3432372,0
22.4290087,69.5932372,0
22.4290087,69.8432372,0
22.4290087,70.0932372,0
22.6790087,69.3432372,0
22.6790087,69.5932372,0
22.6790087,69.8432372,0
22.6790087,70.0932372,0
21.4333303,69.2984765,0
21.4333303,69.5484765,0
21.4333303,69.7984765,0
21.4333303,70.0484765,0
21.6833303,69.2984765,0
21.6833303,69.5484765,0
21.6833303,69.7984765,0
21.6833303,70.0484765,0
21.9333303,69.2984765,0
21.9333303,69.5484765,0
21.9333303,69.7984765,0
21.9333303,70.0484765,0
22.1833303,69.2984765,0
22.1833303,69.5484765,0
22.1833303,69.7984765,0
22.1833303,70.0484765,0
20.9857835,70.4559406,0
20.9857835,70.7059406,0
20.9857835,70.9559406,0
20.9857835,71.2059406,0
21.2357835,70.4559406,0
21.2357835,70.7059406,0
21.2357835,70.9559406,0
21.2357835,71.2059406,0
21.4857835,70.4559406,0
21.4857835,70.7059406,0
21.4857835,70.9559406,0
21.4857835,71.2059406,0
21.7357835,70.4559406,0
21.7357835,70.7059406,0
21.7357835,70.9559406,0
21.7357835,71.2059406,0
21.2466811,69.7821426,0
21.2466811,70.0321426,0
21.2466811,70.2821426,0
21.2466811,70.5321426,0
21.4966811,69.7821426,0
21.4966811,70.0321426,0
21.4966811,70.2821426,0
21.4966811,70.5321426,0
21.7466811,69.7821426,0
21.7466811,70.0321426,0
21.7466811,70.2821426,0
21.7466811,70.5321426,0
21.9966811,69.7821426,0
21.9966811,70.0321426,0
21.9966811,70.2821426,0
21.9966811,70.5321426,0
21.9732415,69.5552102,0
21.9732415,69.8052102,0
21.9732415,70.0552102,0
21.9732415,70.3052102,0
22.2232415,69.5552102,0
22.2232415,69.8052102,0
22.2232415,70.0552102,0
22.2232415,70.3052102,0
22.4732415,69.5552102,0
22.4732415,69.8052102,0
22.4732415,70.0552102,0
22.4732415,70.3052102,0
22.7232415,69.5552102,0
22.7232415,69.8052102,0
22.7232415,70.0552102,0
22.7232415,70.3052102,0
20.3428692,69.9799081,0
20.3428692,70.2299081,0
20.3428692,70.4799081,0
20.3428692,70.7299081,0
20.5928692,69.9799081,0
20.5928692,70.2299081,0
20.5928692,70.4799081,0
20.5928692,70.7299081,0
20.8428692,69.9799081,0
20.8428692,70.2299081,0
20.8428692,70.4799081,0
20.8428692,70.7299081,0
21.0928692,69.9799081,0
21.0928692,70.2299081,0
21.0928692,70.4799081,0
21.0928692,70.7299081,0
21.4682625,71.0769241,0
21.4682625,71.3269241,0
21.4682625,71.5769241,0
21.4682625,71.8269241,0
21.7182625,71.0769241,0
21.7182625,71.3269241,0
21.7182625,71.5769241,0
21.7182625,71.8269241,0
21.9682625,71.0769241,0
21.9682625,71.3269241,0
21.9682625,71.5769241,0
21.9682625,71.8269241,0
22.2182625,71.0769241,0
22.2182625,71.3269241,0
22.2182625,71.5769241,0
22.2182625,71.8269241,0
20.5560298,70.0303798,0
20.5560298,70.2803798,0
20.5560298,70.5303798,0
20.5560298,70.7803798,0
20.8060298,70.0303798,0
20.8060298,70.2803798,0
20.8060298,70.5303798,0
20.8060298,70.7803798,0
21.0560298,70.0303798,0
21.0560298,70.2803798,0
21.0560298,70.5303798,0
21.0560298,70.7803798,0
21.3060298,70.0303798,0
21.3060298,70.2803798,0
21.3060298,70.5303798,0
21.3060298,70.7803798,0
22.3251395,71.1209736,0
22.3251395,71.3709736,0
22.3251395,71.6209736,0
22.3251395,71.8709736,0
22.5751395,71.1209736,0
22.5751395,71.3709736,0
22.5751395,71.6209736,0
22.5751395,71.8709736,0
22.8251395,71.1209736,0
22.8251395,71.3709736,0
22.8251395,71.6209736,0
22.8251395,71.8709736,0
23.0751395,71.1209736,0
23.0751395,71.3709736,0
23.0751395,71.6209736,0
23.0751395,71.8709736,0
23.273753,71.1798581,0
23.273753,71.4298581,0
23.273753,71.6798581,0
23.273753,71.9298581,0
23.523753,71.1798581,0
23.523753,71.4298581,0
23.523753,71.6798581,0
23.523753,71.9298581,0
23.773753,71.1798581,0
23.773753,71.4298581,0
23.773753,71.6798581,0
23.773753,71.9298581,0
24.023753,71.1798581,0
24.023753,71.4298581,0
24.023753,71.6798581,0
24.023753,71.9298581,0
22.8530428,72.4510592,28
22.8530428,72.7010592,40
22.8530428,72.9510592,46
22.8530428,73.2010592,63
23.1030428,72.4510592,48
23.1030428,72.7010592,64
23.1030428,72.9510592,69
23.1030428,73.2010592,103
23.3530428,72.4510592,75
23.3530428,72.7010592,88
23.3530428,72.9510592,113
23.3530428,73.2010592,127
23.6030428,72.4510592,103
23.6030428,72.7010592,127
23.6030428,72.9510592,143
23.6030428,73.2010592,166
23.3472862,71.0858439,0
23.3472862,71.3358439,0
23.3472862,71.5858439,0
23.3472862,71.8358439,0
23.5972862,71.0858439,0
23.5972862,71.3358439,0
23.5972862,71.5858439,0
23.5972862,71.8358439,0
23.8472862,71.0858439,0
23.8472862,71.3358439,0
23.8472862,71.5858439,0
23.8472862,71.8358439,0
24.0972862,71.0858439,0
24.0972862,71.3358439,0
24.0972862,71.5858439,0
24.0972862,71.8358439,0
23.2641433,71.6268375,0
23.2641433,71.8768375,0
23.2641433,72.1268375,40
23.2641433,72.3768375,64
23.5141433,71.6268375,0
23.5141433,71.8768375,0
23.5141433,72.1268375,53
23.5141433,72.3768375,81
23.7641433,71.6268375,0
23.7641433,71.8768375,0
23.7641433,72.1268375,73
23.7641433,72.3768375,105
24.0141433,71.6268375,0
24.0141433,71.8768375,0
24.0141433,72.1268375,0
24.0141433,72.3768375,0
23.2624348,71.6086199,0
23.2624348,71.8586199,0
23.2624348,72.1086199,39
23.2624348,72.3586199,56
23.5124348,71.6086199,0
23.5124348,71.8586199,0
23.5124348,72.1086199,49
23.5124348,72.3586199,75
23.7624348,71.6086199,0
23.7624348,71.8586199,0
23.7624348,72.1086199,74
23.7624348,72.3586199,103
24.0124348,71.6086199,0
24.0124348,71.8586199,0
24.0124348,72.1086199,0
24.0124348,72.3586199,0
23.2374521,71.6060665,0
23.2374521,71.8560665,0
23.2374521,72.1060665,34
23.2374521,72.3560665,50
23.4874521,71.6060665,0
23.4874521,71.8560665,0
23.4874521,72.1060665,48
23.4874521,72.3560665,80
23.7374521,71.6060665,0
23.7374521,71.8560665,0
23.7374521,72.1060665,70
23.7374521,72.3560665,98
23.9874521,71.6060665,0
23.9874521,71.8560665,0
23.9874521,72.1060665,88
23.9874521,72.3560665,140
23.6121729,71.6602947,0
23.6121729,71.9102947,0
23.6121729,72.1602947,61
23.6121729,72.4102947,90
23.8621729,71.6602947,0
23.8621729,71.9102947,0
23.8621729,72.1602947,87
23.8621729,72.4102947,133
24.1121729,71.6602947,0
24.1121729,71.9102947,0
24.1121729,72.1602947,0
24.1121729,72.4102947,0
24.3621729,71.6602947,0
24.3621729,71.9102947,0
24.3621729,72.1602947,0
24.3621729,72.4102947,0
23.6020922,71.6855503,0
23.6020922,71.9355503,0
23.6020922,72.1855503,59
23.6020922,72.4355503,93
23.8520922,71.6855503,0
23.8520922,71.9355503,0
23.8520922,72.1855503,87
23.8520922,72.4355503,135
24.1020922,71.6855503,0
24.1020922,71.9355503,0
24.1020922,72.1855503,0
24.1020922,72.4355503,0
24.3520922,71.6855503,0
24.3520922,71.9355503,0
24.3520922,72.1855503,0
24.3520922,72.4355503,0
23.6277604,71.6661395,0
23.6277604,71.9161395,0
23.6277604,72.1661395,61
23.6277604,72.4161395,97
23.8777604,71.6661395,0
23.8777604,71.9161395,0
23.8777604,72.1661395,87
23.8777604,72.4161395,135
24.1277604,71.6661395,0
24.1277604,71.9161395,0
24.1277604,72.1661395,0
24.1277604,72.4161395,0
24.3777604,71.6661395,0
24.3777604,71.9161395,0
24.3777604,72.1661395,0
24.3777604,72.4161395,0
23.6572236,71.6796013,0
23.6572236,71.9296013,0
23.6572236,72.1796013,64
23.6572236,72.4296013,102
23.9072236,71.6796013,0
23.9072236,71.9296013,0
23.9072236,72.1796013,93
23.9072236,72.4296013,147
24.1572236,71.6796013,0
24.1572236,71.9296013,0
24.1572236,72.1796013,0
24.1572236,72.4296013,0
24.4072236,71.6796013,0
24.4072236,71.9296013,0
24.4072236,72.1796013,0
24.4072236,72.4296013,0
23.1048157,71.5886065,0
23.1048157,71.8386065,0
23.1048157,72.0886065,28
23.1048157,72.3386065,41
23.3548157,71.5886065,0
23.3548157,71.8386065,0
23.3548157,72.0886065,42
23.3548157,72.3386065,71
23.6048157,71.5886065,0
23.6048157,71.8386065,0
23.6048157,72.0886065,52
23.6048157,72.3386065,78
23.8548157,71.5886065,0
23.8548157,71.8386065,0
23.8548157,72.0886065,76
23.8548157,72.3386065,116
22.7969449,71.8306381,0
22.7969449,72.0806381,11
22.7969449,72.3306381,20
22.7969449,72.5806381,28
23.0469449,71.8306381,0
23.0469449,72.0806381,27
23.0469449,72.3306381,36
23.0469449,72.5806381,49
23.2969449,71.8306381,0
23.2969449,72.0806381,35
23.2969449,72.3306381,66
23.2969449,72.5806381,79
23.5469449,71.8306381,0
23.5469449,72.0806381,47
23.5469449,72.3306381,75
23.5469449,72.5806381,113
23.8332794,72.3496191,116
23.8332794,72.5996191,154
23.8332794,72.8496191,159
23.8332794,73.0996191,202
24.0832794,72.3496191,0
24.0832794,72.5996191,0
24.0832794,72.8496191,0
24.0832794,73.0996191,0
24.3332794,72.3496191,0
24.3332794,72.5996191,0
24.3332794,72.8496191,0
24.3332794,73.0996191,0
24.5832794,72.3496191,0
24.5832794,72.5996191,0
24.5832794,72.8496191,0
24.5832794,73.0996191,0
21.1874043,71.7761717,0
21.1874043,72.0261717,9
21.1874043,72.2761717,-12
21.1874043,72.5261717,-6
21.4374043,71.7761717,0
21.4374043,72.0261717,37
21.4374043,72.2761717,-8
21.4374043,72.5261717,-7
21.6874043,71.7761717,0
21.6874043,72.0261717,72
21.6874043,72.2761717,11
21.6874043,72.5261717,2
21.9374043,71.7761717,0
21.9374043,72.0261717,8
21.9374043,72.2761717,1
21.9374043,72.5261717,5
21.4111503,72.8384024,11
21.4111503,73.0884024,32
21.4111503,73.3384024,97
21.4111503,73.5884024,270
21.6611503,72.8384024,6
21.6611503,73.0884024,25
21.6611503,73.3384024,123
21.6611503,73.5884024,218
21.9111503,72.8384024,9
21.9111503,73.0884024,29
21.9111503,73.3384024,39
21.9111503,73.5884024,38
22.1611503,72.8384024,21
22.1611503,73.0884024,22
22.1611503,73.3384024,36
22.1611503,73.5884024,58
21.758718,71.0619822,0
21.758718,71.3119822,0
21.758718,71.5619822,0
21.758718,71.8119822,0
22.008718,71.0619822,0
22.008718,71.3119822,0
22.008718,71.5619822,0
22.008718,71.8119822,0
22.258718,71.0619822,0
22.258718,71.3119822,0
22.258718,71.5619822,0
22.258718,71.8119822,0
22.508718,71.0619822,0
22.508718,71.3119822,0
22.508718,71.5619822,0
22.508718,71.8119822,0
22.9947987,73.0126493,70
22.9947987,73.2626493,100
22.9947987,73.5126493,86
22.9947987,73.7626493,195
23.2447987,73.0126493,99
23.2447987,73.2626493,110
23.2447987,73.5126493,119
23.2447987,73.7626493,107
23.4947987,73.0126493,135
23.4947987,73.2626493,153
23.4947987,73.5126493,160
23.4947987,73.7626493,205
23.7447987,73.0126493,185
23.7447987,73.2626493,198
23.7447987,73.5126493,364
23.7447987,73.7626493,288
20.6702124,73.0622874,23
20.6702124,73.3122874,160
20.6702124,73.5622874,307
20.6702124,73.8122874,752
20.9202124,73.0622874,29
20.9202124,73.3122874,76
20.9202124,73.5622874,235
20.9202124,73.8122874,475
21.1702124,73.0622874,27
21.1702124,73.3122874,62
21.1702124,73.5622874,119
21.1702124,73.8122874,140
21.4202124,73.0622874,27
21.4202124,73.3122874,110
21.4202124,73.5622874,273
21.4202124,73.8122874,96
22.1123339,72.4196961,-18
22.1123339,72.6696961,10
22.1123339,72.9196961,17
22.1123339,73.1696961,25
22.3623339,72.4196961,6
22.3623339,72.6696961,15
22.3623339,72.9196961,27
22.3623339,73.1696961,45
22.6123339,72.4196961,15
22.6123339,72.6696961,29
22.6123339,72.9196961,36
22.6123339,73.1696961,50
22.8623339,72.4196961,28
22.8623339,72.6696961,33
22.8623339,72.9196961,44
22.8623339,73.1696961,66
22.0943114,72.3749406,-11
22.0943114,72.6249406,6
22.0943114,72.8749406,20
22.0943114,73.1249406,20
22.3443114,72.3749406,11
22.3443114,72.6249406,15
22.3443114,72.8749406,29
22.3443114,73.1249406,35
22.5943114,72.3749406,14
22.5943114,72.6249406,18
22.5943114,72.8749406,33
22.5943114,73.1249406,50
22.8443114,72.3749406,24
22.8443114,72.6249406,33
22.8443114,72.8749406,41
22.8443114,73.1249406,74
21.4205704,72.5726247,-6
21.4205704,72.8226247,9
21.4205704,73.0726247,30
21.4205704,73.3226247,127
21.6705704,72.5726247,9
21.6705704,72.8226247,8
21.6705704,73.0726247,18
21.6705704,73.3226247,129
21.9205704,72.5726247,4
21.9205704,72.8226247,8
21.9205704,73.0726247,26
21.9205704,73.3226247,35
22.1705704,72.5726247,9
22.1705704,72.8226247,8
22.1705704,73.0726247,23
22.1705704,73.3226247,37
22.6646919,72.0821046,6
22.6646919,72.3321046,15
22.6646919,72.5821046,24
22.6646919,72.8321046,35
22.9146919,72.0821046,19
22.9146919,72.3321046,21
22.9146919,72.5821046,40
22.9146919,72.8321046,51
23.1646919,72.0821046,30
23.1646919,72.3321046,45
23.1646919,72.5821046,71
23.1646919,72.8321046,75
23.4146919,72.0821046,47
23.4146919,72.3321046,74
23.4146919,72.5821046,96
23.4146919,72.8321046,116
23.0971246,72.4588273,45
23.0971246,72.7088273,64
23.0971246,72.9588273,72
23.0971246,73.2088273,99
23.3471246,72.4588273,76
23.3471246,72.7088273,94
23.3471246,72.9588273,114
23.3471246,73.2088273,132
23.5971246,72.4588273,103
23.5971246,72.7088273,129
23.5971246,72.9588273,144
23.5971246,73.2088273,166
23.8471246,72.4588273,132
23.8471246,72.7088273,172
23.8471246,72.9588273,209
23.8471246,73.2088273,258
20.8355059,70.8130864,0
20.8355059,71.0630864,0
20.8355059,71.3130864,0
20.8355059,71.5630864,0
21.0855059,70.8130864,0
21.0855059,71.0630864,0
21.0855059,71.3130864,0
21.0855059,71.5630864,0
21.3355059,70.8130864,0
21.3355059,71.0630864,0
21.3355059,71.3130864,0
21.3355059,71.5630864,0
21.5855059,70.8130864,0
21.5855059,71.0630864,0
21.5855059,71.3130864,0
21.5855059,71.5630864,0
22.3245152,72.2533562,3
22.3245152,72.5033562,6
22.3245152,72.7533562,20
22.3245152,73.0033562,31
22.5745152,72.2533562,8
22.5745152,72.5033562,14
22.5745152,72.7533562,37
22.5745152,73.0033562,46
22.8245152,72.2533562,13
22.8245152,72.5033562,27
22.8245152,72.7533562,35
22.8245152,73.0033562,49
23.0745152,72.2533562,34
23.0745152,72.5033562,50
23.0745152,72.7533562,61
23.0745152,73.0033562,81
23.418279,71.8681846,0
23.418279,72.1181846,44
23.418279,72.3681846,82
23.418279,72.6181846,102
23.668279,71.8681846,0
23.668279,72.1181846,59
23.668279,72.3681846,90
23.668279,72.6181846,126
23.918279,71.8681846,0
23.918279,72.1181846,78
23.918279,72.3681846,135
23.918279,72.6181846,181
24.168279,71.8681846,0
24.168279,72.1181846,0
24.168279,72.3681846,0
24.168279,72.6181846,0
21.9117955,68.5089392,0
21.9117955,68.7589392,0
21.9117955,69.0089392,0
21.9117955,69.2589392,0
22.1617955,68.5089392,0
22.1617955,68.7589392,0
22.1617955,69.0089392,0
22.1617955,69.2589392,0
22.4117955,68.5089392,0
22.4117955,68.7589392,0
22.4117955,69.0089392,0
22.4117955,69.2589392,0
22.6617955,68.5089392,0
22.6617955,68.7589392,0
22.6617955,69.0089392,0
22.6617955,69.2589392,0
21.7495856,71.6959892,0
21.7495856,71.9459892,0
21.7495856,72.1959892,8
21.7495856,72.4459892,-4
21.9995856,71.6959892,0
21.9995856,71.9459892,0
21.9995856,72.1959892,5
21.9995856,72.4459892,-11
22.2495856,71.6959892,0
22.2495856,71.9459892,0
22.2495856,72.1959892,16
22.2495856,72.4459892,-18
22.4995856,71.6959892,0
22.4995856,71.9459892,0
22.4995856,72.1959892,6
22.4995856,72.4459892,10
23.0554188,72.1169411,28
23.0554188,72.3669411,39
23.0554188,72.6169411,53
23.0554188,72.8669411,60
23.3054188,72.1169411,42
23.3054188,72.3669411,69
23.3054188,72.6169411,82
23.3054188,72.8669411,95
23.5554188,72.1169411,55
23.5554188,72.3669411,82
23.5554188,72.6169411,119
23.5554188,72.8669411,116
23.8054188,72.1169411,74
23.8054188,72.3669411,115
23.8054188,72.6169411,152
23.8054188,72.8669411,164
23.081665,71.640412,0
23.081665,71.890412,0
23.081665,72.140412,30
23.081665,72.390412,44
23.331665,71.640412,0
23.331665,71.890412,0
23.331665,72.140412,41
23.331665,72.390412,71
23.581665,71.640412,0
23.581665,71.890412,0
23.581665,72.140412,70
23.581665,72.390412,83
23.831665,71.640412,0
23.831665,71.890412,0
23.831665,72.140412,82
23.831665,72.390412,123
21.9094019,72.405252,-5
21.9094019,72.655252,7
21.9094019,72.905252,13
21.9094019,73.155252,27
22.1594019,72.405252,-4
22.1594019,72.655252,11
22.1594019,72.905252,21
22.1594019,73.155252,27
22.4094019,72.405252,10
22.4094019,72.655252,18
22.4094019,72.905252,35
22.4094019,73.155252,44
22.6594019,72.405252,17
22.6594019,72.655252,21
22.6594019,72.905252,42
22.6594019,73.155252,52
21.5514367,72.3069758,-5
21.5514367,72.5569758,-4
21.5514367,72.8069758,11
21.5514367,73.0569758,44
21.8014367,72.3069758,-6
21.8014367,72.5569758,1
21.8014367,72.8069758,10
21.8014367,73.0569758,18
22.0514367,72.3069758,-2
22.0514367,72.5569758,10
22.0514367,72.8069758,8
22.0514367,73.0569758,23
22.3014367,72.3069758,9
22.3014367,72.5569758,4
22.3014367,72.8069758,23
22.3014367,73.0569758,20
23.5246132,72.2933287,71
23.5246132,72.5433287,106
23.5246132,72.7933287,125
23.5246132,73.0433287,138
23.7746132,72.2933287,98
23.7746132,72.5433287,132
23.7746132,72.7933287,142
23.7746132,73.0433287,180
24.0246132,72.2933287,0
24.0246132,72.5433287,0
24.0246132,72.7933287,0
24.0246132,73.0433287,0
24.2746132,72.2933287,0
24.2746132,72.5433287,0
24.2746132,72.7933287,0
24.2746132,73.0433287,0
20.4225185,70.4190462,0
20.4225185,70.6690462,0
20.4225185,70.9190462,0
20.4225185,71.1690462,0
20.6725185,70.4190462,0
20.6725185,70.6690462,0
20.6725185,70.9190462,0
20.6725185,71.1690462,0
20.9225185,70.4190462,0
20.9225185,70.6690462,0
20.9225185,70.9190462,0
20.9225185,71.1690462,0
21.1725185,70.4190462,0
21.1725185,70.6690462,0
21.1725185,70.9190462,0
21.1725185,71.1690462,0
20.5778781,72.3744643,-20
20.5778781,72.6244643,-14
20.5778781,72.8744643,-3
20.5778781,73.1244643,59
20.8278781,72.3744643,-15
20.8278781,72.6244643,-10
20.8278781,72.8744643,4
20.8278781,73.1244643,32
21.0778781,72.3744643,-12
21.0778781,72.6244643,-1
21.0778781,72.8744643,13
21.0778781,73.1244643,27
21.3278781,72.3744643,-13
21.3278781,72.6244643,9
21.3278781,72.8744643,16
21.3278781,73.1244643,39
20.8996957,72.42659,-13
20.8996957,72.67659,-7
20.8996957,72.92659,16
20.8996957,73.17659,40
21.1496957,72.42659,-11
21.1496957,72.67659,5
21.1496957,72.92659,19
21.1496957,73.17659,22
21.3996957,72.42659,-11
21.3996957,72.67659,10
21.3996957,72.92659,18
21.3996957,73.17659,64
21.6496957,72.42659,-4
21.6496957,72.67659,-2
21.6496957,72.92659,8
21.6496957,73.17659,45
20.9666151,72.4518617,-12
20.9666151,72.7018617,-4
20.9666151,72.9518617,7
20.9666151,73.2018617,46
21.2166151,72.4518617,-12
21.2166151,72.7018617,7
21.2166151,72.9518617,20
21.2166151,73.2018617,31
21.4666151,72.4518617,-9
21.4666151,72.7018617,3
21.4666151,72.9518617,29
21.4666151,73.2018617,52
21.7166151,72.4518617,-4
21.7166151,72.7018617,8
21.7166151,72.9518617,14
21.7166151,73.2018617,65
21.588543,68.7800719,0
21.588543,69.0300719,0
21.588543,69.2800719,0
21.588543,69.5300719,0
21.838543,68.7800719,0
21.838543,69.0300719,0
21.838543,69.2800719,0
21.838543,69.5300719,0
22.088543,68.7800719,0
22.088543,69.0300719,0
22.088543,69.2800719,0
22.088543,69.5300719,0
22.338543,68.7800719,0
22.338543,69.0300719,0
22.338543,69.2800719,0
22.338543,69.5300719,0
22.9634245,72.7990631,49
22.9634245,73.0490631,67
22.9634245,73.2990631,83
22.9634245,73.5490631,104
23.2134245,72.7990631,77
23.2134245,73.0490631,101
23.2134245,73.2990631,118
23.2134245,73.5490631,100
23.4634245,72.7990631,117
23.4634245,73.0490631,131
23.4634245,73.2990631,149
23.4634245,73.5490631,190
23.7134245,72.7990631,140
23.7134245,73.0490631,175
23.7134245,73.2990631,197
23.7134245,73.5490631,238
20.553513,69.7898917,0
20.553513,70.0398917,0
20.553513,70.2898917,0
20.553513,70.5398917,0
20.803513,69.7898917,0
20.803513,70.0398917,0
20.803513,70.2898917,0
20.803513,70.5398917,0
21.053513,69.7898917,0
21.053513,70.0398917,0
21.053513,70.2898917,0
21.053513,70.5398917,0
21.303513,69.7898917,0
21.303513,70.0398917,0
21.303513,70.2898917,0
21.303513,70.5398917,0
20.9176122,70.749609,0
20.9176122,70.999609,0
20.9176122,71.249609,0
20.9176122,71.499609,0
21.1676122,70.749609,0
21.1676122,70.999609,0
21.1676122,71.249609,0
21.1676122,71.499609,0
21.4176122,70.749609,0
21.4176122,70.999609,0
21.4176122,71.249609,0
21.4176122,71.499609,0
21.6676122,70.749609,0
21.6676122,70.999609,0
21.6676122,71.249609,0
21.6676122,71.499609,0
22.3959246,72.1782442,17
22.3959246,72.4282442,7
22.3959246,72.6782442,17
22.3959246,72.9282442,37
22.6459246,72.1782442,10
22.6459246,72.4282442,19
22.6459246,72.6782442,23
22.6459246,72.9282442,39
22.8959246,72.1782442,23
22.8959246,72.4282442,29
22.8959246,72.6782442,37
22.8959246,72.9282442,54
23.1459246,72.1782442,36
23.1459246,72.4282442,50
23.1459246,72.6782442,54
23.1459246,72.9282442,77
23.0590941,72.2449399,30
23.0590941,72.4949399,51
23.0590941,72.7449399,59
23.0590941,72.9949399,78
23.3090941,72.2449399,51
23.3090941,72.4949399,75
23.3090941,72.7449399,88
23.3090941,72.9949399,101
23.5590941,72.2449399,65
23.5590941,72.4949399,101
23.5590941,72.7449399,128
23.5590941,72.9949399,138
23.8090941,72.2449399,93
23.8090941,72.4949399,129
23.8090941,72.7449399,169
23.8090941,72.9949399,191
21.3490419,70.207834,0
21.3490419,70.457834,0
21.3490419,70.707834,0
21.3490419,70.957834,0
21.5990419,70.207834,0
21.5990419,70.457834,0
21.5990419,70.707834,0
21.5990419,70.957834,0
21.8490419,70.207834,0
21.8490419,70.457834,0
21.8490419,70.707834,0
21.8490419,70.957834,0
22.0990419,70.207834,0
22.0990419,70.457834,0
22.0990419,70.707834,0
22.0990419,70.957834,0
22.0391166,72.2192782,4
22.0391166,72.4692782,-12
22.0391166,72.7192782,7
22.0391166,72.9692782,16
22.2891166,72.2192782,9
22.2891166,72.4692782,5
22.2891166,72.7192782,14
22.2891166,72.9692782,23
22.5391166,72.2192782,9
22.5391166,72.4692782,8
22.5391166,72.7192782,31
22.5391166,72.9692782,38
22.7891166,72.2192782,11
22.7891166,72.4692782,25
22.7891166,72.7192782,28
22.7891166,72.9692782,39
21.6716283,73.0797953,22
21.6716283,73.3297953,120
21.6716283,73.5797953,153
21.6716283,73.8297953,489
21.9216283,73.0797953,26
21.9216283,73.3297953,39
21.9216283,73.5797953,39
21.9216283,73.8297953,237
22.1716283,73.0797953,24
22.1716283,73.3297953,34
22.1716283,73.5797953,63
22.1716283,73.8297953,99
22.4216283,73.0797953,27
22.4216283,73.3297953,61
22.4216283,73.5797953,92
22.4216283,73.8297953,124
20.1313585,72.5951202,-17
20.1313585,72.8451202,42
20.1313585,73.0951202,184
20.1313585,73.3451202,363
20.3813585,72.5951202,-18
20.3813585,72.8451202,20
20.3813585,73.0951202,77
20.3813585,73.3451202,175
20.6313585,72.5951202,-14
20.6313585,72.8451202,-3
20.6313585,73.0951202,45
20.6313585,73.3451202,218
20.8813585,72.5951202,-10
20.8813585,72.8451202,7
20.8813585,73.0951202,24
20.8813585,73.3451202,79
20.4287346,73.2737942,146
20.4287346,73.5237942,532
20.4287346,73.7737942,765
20.4287346,74.0237942,759
20.6787346,73.2737942,110
20.6787346,73.5237942,314
20.6787346,73.7737942,596
20.6787346,74.0237942,716
20.9287346,73.2737942,63
20.9287346,73.5237942,151
20.9287346,73.7737942,424
20.9287346,74.0237942,582
21.1787346,73.2737942,49
21.1787346,73.5237942,106
21.1787346,73.7737942,121
21.1787346,74.0237942,262
23.2968484,71.8818955,0
23.2968484,72.1318955,41
23.2968484,72.3818955,76
23.2968484,72.6318955,84
23.5468484,71.8818955,0
23.5468484,72.1318955,49
23.5468484,72.3818955,86
23.5468484,72.6318955,115
23.7968484,71.8818955,0
23.7968484,72.1318955,76
23.7968484,72.3818955,117
23.7968484,72.6318955,157
24.0468484,71.8818955,0
24.0468484,72.1318955,0
24.0468484,72.3818955,0
24.0468484,72.6318955,0
22.1609576,72.2553379,6
22.1609576,72.5053379,-4
22.1609576,72.7553379,23
22.1609576,73.0053379,27
22.4109576,72.2553379,8
22.4109576,72.5053379,9
22.4109576,72.7553379,22
22.4109576,73.0053379,36
22.6609576,72.2553379,14
22.6609576,72.5053379,17
22.6609576,72.7553379,33
22.6609576,73.0053379,46
22.9109576,72.2553379,25
22.9109576,72.5053379,31
22.9109576,72.7553379,39
22.9109576,73.0053379,57
21.9815114,71.1881728,0
21.9815114,71.4381728,0
21.9815114,71.6881728,0
21.9815114,71.9381728,0
22.2315114,71.1881728,0
22.2315114,71.4381728,0
22.2315114,71.6881728,0
22.2315114,71.9381728,0
22.4815114,71.1881728,0
22.4815114,71.4381728,0
22.4815114,71.6881728,0
22.4815114,71.9381728,0
22.7315114,71.1881728,0
22.7315114,71.4381728,0
22.7315114,71.6881728,0
22.7315114,71.9381728,0
20.8148629,69.7678937,0
20.8148629,70.0178937,0
20.8148629,70.2678937,0
20.8148629,70.5178937,0
21.0648629,69.7678937,0
21.0648629,70.0178937,0
21.0648629,70.2678937,0
21.0648629,70.5178937,0
21.3148629,69.7678937,0
21.3148629,70.0178937,0
21.3148629,70.2678937,0
21.3148629,70.5178937,0
21.5648629,69.7678937,0
21.5648629,70.0178937,0
21.5648629,70.2678937,0
21.5648629,70.5178937,0
21.3998565,68.8171269,0
21.3998565,69.0671269,0
21.3998565,69.3171269,0
21.3998565,69.5671269,0
21.6498565,68.8171269,0
21.6498565,69.0671269,0
21.6498565,69.3171269,0
21.6498565,69.5671269,0
21.8998565,68.8171269,0
21.8998565,69.0671269,0
21.8998565,69.3171269,0
21.8998565,69.5671269,0
22.1498565,68.8171269,0
22.1498565,69.0671269,0
22.1498565,69.3171269,0
22.1498565,69.5671269,0
21.769829,73.2161432,25
21.769829,73.4661432,330
21.769829,73.7161432,656
21.769829,73.9661432,478
22.019829,73.2161432,36
22.019829,73.4661432,39
22.019829,73.7161432,77
22.019829,73.9661432,308
22.269829,73.2161432,35
22.269829,73.4661432,58
22.269829,73.7161432,85
22.269829,73.9661432,179
22.519829,73.2161432,43
22.519829,73.4661432,95
22.519829,73.7161432,150
22.519829,73.9661432,327
20.4223191,72.4102287,-23
20.4223191,72.6602287,-14
20.4223191,72.9102287,32
20.4223191,73.1602287,90
20.6723191,72.4102287,-17
20.6723191,72.6602287,-11
20.6723191,72.9102287,5
20.6723191,73.1602287,42
20.9223191,72.4102287,-13
20.9223191,72.6602287,-8
20.9223191,72.9102287,17
20.9223191,73.1602287,42
21.1723191,72.4102287,-11
21.1723191,72.6602287,6
21.1723191,72.9102287,18
21.1723191,73.1602287,36
21.9210621,68.5190435,0
21.9210621,68.7690435,0
21.9210621,69.0190435,0
21.9210621,69.2690435,0
22.1710621,68.5190435,0
22.1710621,68.7690435,0
22.1710621,69.0190435,0
22.1710621,69.2690435,0
22.4210621,68.5190435,0
22.4210621,68.7690435,0
22.4210621,69.0190435,0
22.4210621,69.2690435,0
22.6710621,68.5190435,0
22.6710621,68.7690435,0
22.6710621,69.0190435,0
22.6710621,69.2690435,0
20.7094892,72.3317058,-17
20.7094892,72.5817058,-14
20.7094892,72.8317058,-1
20.7094892,73.0817058,30
20.9594892,72.3317058,-13
20.9594892,72.5817058,-10
20.9594892,72.8317058,1
20.9594892,73.0817058,25
21.2094892,72.3317058,-12
21.2094892,72.5817058,-3
21.2094892,72.8317058,13
21.2094892,73.0817058,26
21.4594892,72.3317058,-12
21.4594892,72.5817058,-4
21.4594892,72.8317058,11
21.4594892,73.0817058,27
21.2291971,70.0743069,0
21.2291971,70.3243069,0
21.2291971,70.5743069,0
21.2291971,70.8243069,0
21.4791971,70.0743069,0
21.4791971,70.3243069,0
21.4791971,70.5743069,0
21.4791971,70.8243069,0
21.7291971,70.0743069,0
21.7291971,70.3243069,0
21.7291971,70.5743069,0
21.7291971,70.8243069,0
21.9791971,70.0743069,0
21.9791971,70.3243069,0
21.9791971,70.5743069,0
21.9791971,70.8243069,0
22.3223344,70.3258369,0
22.3223344,70.5758369,0
22.3223344,70.8258369,0
22.3223344,71.0758369,0
22.5723344,70.3258369,0
22.5723344,70.5758369,0
22.5723344,70.8258369,0
22.5723344,71.0758369,0
22.8223344,70.3258369,0
22.8223344,70.5758369,0
22.8223344,70.8258369,0
22.8223344,71.0758369,0
23.0723344,70.3258369,0
23.0723344,70.5758369,0
23.0723344,70.8258369,0
23.0723344,71.0758369,0
22.3178625,70.3195578,0
22.3178625,70.5695578,0
22.3178625,70.8195578,0
22.3178625,71.0695578,0
22.5678625,70.3195578,0
22.5678625,70.5695578,0
22.5678625,70.8195578,0
22.5678625,71.0695578,0
22.8178625,70.3195578,0
22.8178625,70.5695578,0
22.8178625,70.8195578,0
22.8178625,71.0695578,0
23.0678625,70.3195578,0
23.0678625,70.5695578,0
23.0678625,70.8195578,0
23.0678625,71.0695578,0
21.598312,68.917873,0
21.598312,69.167873,0
21.598312,69.417873,0
21.598312,69.667873,0
21.848312,68.917873,0
21.848312,69.167873,0
21.848312,69.417873,0
21.848312,69.667873,0
22.098312,68.917873,0
22.098312,69.167873,0
22.098312,69.417873,0
22.098312,69.667873,0
22.348312,68.917873,0
22.348312,69.167873,0
22.348312,69.417873,0
22.348312,69.667873,0
21.6286946,68.7909787,0
21.6286946,69.0409787,0
21.6286946,69.2909787,0
21.6286946,69.5409787,0
21.8786946,68.7909787,0
21.8786946,69.0409787,0
21.8786946,69.2909787,0
21.8786946,69.5409787,0
22.1286946,68.7909787,0
22.1286946,69.0409787,0
22.1286946,69.2909787,0
22.1286946,69.5409787,0
22.3786946,68.7909787,0
22.3786946,69.0409787,0
22.3786946,69.2909787,0
22.3786946,69.5409787,0
21.8946412,68.6733657,0
21.8946412,68.9233657,0
21.8946412,69.1733657,0
21.8946412,69.4233657,0
22.1446412,68.6733657,0
22.1446412,68.9233657,0
22.1446412,69.1733657,0
22.1446412,69.4233657,0
22.3946412,68.6733657,0
22.3946412,68.9233657,0
22.3946412,69.1733657,0
22.3946412,69.4233657,0
22.6446412,68.6733657,0
22.6446412,68.9233657,0
22.6446412,69.1733657,0
22.6446412,69.4233657,0
22.9882057,72.1523374,24
22.9882057,72.4023374,38
22.9882057,72.6523374,46
22.9882057,72.9023374,59
23.2382057,72.1523374,41
23.2382057,72.4023374,59
23.2382057,72.6523374,85
23.2382057,72.9023374,93
23.4882057,72.1523374,50
23.4882057,72.4023374,89
23.4882057,72.6523374,113
23.4882057,72.9023374,132
23.7382057,72.1523374,74
23.7382057,72.4023374,103
23.7382057,72.6523374,145
23.7382057,72.9023374,153
21.9534814,68.5954203,0
21.9534814,68.8454203,0
21.9534814,69.0954203,0
21.9534814,69.3454203,0
22.2034814,68.5954203,0
22.2034814,68.8454203,0
22.2034814,69.0954203,0
22.2034814,69.3454203,0
22.4534814,68.5954203,0
22.4534814,68.8454203,0
22.4534814,69.0954203,0
22.4534814,69.3454203,0
22.7034814,68.5954203,0
22.7034814,68.8454203,0
22.7034814,69.0954203,0
22.7034814,69.3454203,0
21.8148736,73.5141067,142
21.8148736,73.7641067,128
21.8148736,74.0141067,526
21.8148736,74.2641067,521
22.0648736,73.5141067,44
22.0648736,73.7641067,84
22.0648736,74.0141067,206
22.0648736,74.2641067,399
22.3148736,73.5141067,81
22.3148736,73.7641067,92
22.3148736,74.0141067,152
22.3148736,74.2641067,302
22.5648736,73.5141067,99
22.5648736,73.7641067,201
22.5648736,74.0141067,305
22.5648736,74.2641067,425
21.3885056,73.1893287,66
21.3885056,73.4393287,245
21.3885056,73.6893287,202
21.3885056,73.9393287,162
21.6385056,73.1893287,53
21.6385056,73.4393287,177
21.6385056,73.6893287,301
21.6385056,73.9393287,410
21.8885056,73.1893287,28
21.8885056,73.4393287,30
21.8885056,73.6893287,51
21.8885056,73.9393287,233
22.1385056,73.1893287,28
22.1385056,73.4393287,46
22.1385056,73.6893287,67
22.1385056,73.9393287,130
