latitude,longitude,elevation_m,distance_to_river_m
6,68,,1112873.431413558
6,70,,953070.7079568518
6,72,,822369.0359017112
6,74,,718513.8764679452
6,76,,523375.01496256236
6,78,,311330.6336094616
6,80,,136922.40529176232
6,82,,137217.69875195212
6,84,,277147.87774210493
6,86,,480961.5973346227
6,88,,696400.3175819076
6,90,,750981.0735076625
6,92,,690550.8534435112
6,94,,698021.9194697731
6,96,,529222.3536620857
8,68,,983871.1736132927
8,70,,798660.7454272342
8,72,,637849.2914077429
8,74,,522059.71756385354
8,76,,407161.1854883594
8,78,,302483.1829595045
8,80,,104762.31955253842
8,82,,70940.1805872447
8,84,,248413.98449035292
8,86,,464997.4404919798
8,88,,685472.0737430536
8,90,,553894.2512721791
8,92,,468707.5314278706
8,94,,481363.5743238561
8,96,,585552.1015232194
10,68,,893069.0227423431
10,70,,683687.6329151721
10,72,,486231.952533074
10,74,,323342.66061082954
10,76,,244192.73919097995
10,78,,109997.62761109068
10,80,,64947.837413374444
10,82,,207315.60472781459
10,84,,348519.49383195926
10,86,,546889.5203255398
10,88,,579649.461015132
10,90,,386969.215618224
10,92,,250266.02298559053
10,94,,273234.739609835
10,96,,431065.6514291928
12,68,,826644.3791257859
12,70,,608400.9848285873
12,72,,395093.43120877235
12,74,,188799.19021719115
12,76,,39015.49821879565
12,78,,21818.537246541277
12,80,,35432.31318822627
12,82,,212617.33360324832
12,84,,431855.8378413506
12,86,,653398.0647741026
12,88,,529012.3901717392
12,90,,306452.5502322669
12,92,,84311.65029990747
12,94,,130169.21040941273
12,96,,349714.8456662043
14,68,,780522.6861355909
14,70,,593172.0467496174
14,72,,379816.96613527136
14,74,,171301.5500569626
14,76,,32159.769862040957
14,78,,57814.12462172504
14,80,,53908.85512401566
14,82,,216019.4636221575
14,84,,362363.6004929568
14,86,,512860.54089853837
14,88,,550394.083168896
14,90,,337518.73918355256
14,92,,155049.61804716103
14,94,,176530.96873712953
14,96,,252484.00129817938
16,68,,685646.6317278683
16,70,,482040.9212496988
16,72,,279220.385635635
16,74,,99540.569848828
16,76,,24567.756402344796
16,78,,7400.730546319154
16,80,,73101.23171024876
16,82,,48378.36387553906
16,84,,201641.6884332602
16,86,,415184.20726556797
16,88,,526785.6530023187
16,90,,474428.87511848146
16,92,,304321.1442798882
16,94,,90327.09017682965
16,96,,44904.077430562735
18,68,,644563.9326624619
18,70,,422612.9221161162
18,72,,199975.14931310184
18,74,,12898.012390537971
18,76,,66231.59813052739
18,78,,97536.09223977577
18,80,,64570.29192115841
18,82,,82636.39582971968
18,84,,197967.08661366664
18,86,,253063.61660188358
18,88,,325181.91234595707
18,90,,455877.3282490444
18,92,,324125.6375430298
18,94,,130177.48861597557
18,96,,45481.52364294163
20,68,-39.0,469620.0896539351
20,70,541.0,333013.7947291173
20,72,-39.0,158789.4317170901
20,74,540.0,1829.1592063230912
20,76,572.0,72872.33628046601
20,78,,120235.4592012786
20,80,,4165.4420762998025
20,82,,29849.289968360867
20,84,,74523.70508696047
20,86,,24491.67097118022
20,88,,144182.02048065915
20,90,,245976.84636067942
20,92,,135161.84163329017
20,94,,102144.84780610482
20,96,,19826.834241974822
22,68,10.0,231402.07515660007
22,70,304.0,320411.00010770734
22,72,11.0,106409.11794445112
22,74,304.0,9413.676897983987
22,76,326.0,23138.589947662247
22,78,,33497.81187923275
22,80,,10891.20297293598
22,82,,13963.273072805217
22,84,,48495.77856465948
22,86,,79205.22650394666
22,88,,29306.561092616765
22,90,,58974.26233212938
22,92,,50339.809484973004
22,94,,4676.741607537494
22,96,,4851.69421632355
24,68,76.0,1923.8888760714583
24,70,223.0,220058.79654930046
24,72,75.0,198193.38820011265
24,74,224.0,31442.218814231335
24,76,453.0,54252.51314607956
24,78,,165.7339030013202
24,80,,108008.70326440429
24,82,,58001.588198438876
24,84,,67026.92862558938
24,86,,69261.15748407654
24,88,,21661.16789230492
24,90,,4188.4709775996125
24,92,,99461.3627537872
24,94,,58052.27240431766
24,96,,31281.46596064277
26,68,9.0,16994.096782589393
26,70,305.0,179916.4638850248
26,72,11.0,221286.2362734411
26,74,303.0,113850.70562220257
26,76,330.0,13669.623371861082
26,78,,70368.17689515314
26,80,,8044.3171826975395
26,82,,61221.31953748538
26,84,,12653.636938877613
26,86,,46600.16518942772
26,88,,89079.69789830955
26,90,,2928.896160223645
26,92,,31986.302498762794
26,94,,65160.44247712159
26,96,,13706.130118586525
28,68,76.0,62102.57180891381
28,70,225.0,56319.8993922063
28,72,75.0,181717.74271572422
28,74,223.0,278529.2037404881
28,76,452.0,158922.8617464953
28,78,,42749.37091990186
28,80,,76029.05985796044
28,82,,78578.25884173105
28,84,,11690.390782683417
28,86,,74880.60773738149
28,88,,67224.78130820578
28,90,,140311.84337909307
28,92,,19789.659983793343
28,94,,20607.878869794204
28,96,,16343.128154459147
30,68,,272247.1387415124
30,70,,85209.4466432336
30,72,,42808.63117951164
30,74,,49023.96088708189
30,76,,128312.85890785557
30,78,,19365.098552909283
30,80,,72753.57273604549
30,82,,18185.92061298914
30,84,,30610.982357015204
30,86,,29828.48002014862
30,88,,77033.95182437166
30,90,,81054.3068476791
30,92,,89596.68997441027
30,94,,90842.70583486215
30,96,,74601.28837547758
32,68,,261202.2912377075
32,70,,107102.43854662754
32,72,,26762.89113771962
32,74,,52479.83976939595
32,76,,3467.272380494234
32,78,,56200.37498230437
32,80,,12025.05630718269
32,82,,67468.01765267817
32,84,,176274.85467363455
32,86,,17823.07603099205
32,88,,66938.1412892275
32,90,,24162.404818328636
32,92,,52226.93338871968
32,94,,60616.4097952346
32,96,,62651.46599332332
34,68,,59585.23307651461
34,70,,184972.48043041106
34,72,,28017.579830695166
34,74,,13470.15504468026
34,76,,85372.91724491738
34,78,,30098.24091309204
34,80,,157679.54860851992
34,82,,206559.64921773179
34,84,,230069.29109772286
34,86,,49967.731878453174
34,88,,116112.90475648665
34,90,,97255.51704047708
34,92,,18349.03124517668
34,94,,40993.247010020554
34,96,,13857.284850003784
36,68,,128153.94067019985
36,70,,172683.49806443613
36,72,,97503.69548881926
36,74,,70097.76534323623
36,76,,80802.38679365513
36,78,,33201.13496365919
36,80,,1459.2018668966944
36,82,,79147.50436681896
36,84,,285185.0197512012
36,86,,156705.11025413734
36,88,,106019.45515105526
36,90,,65180.32950007681
36,92,,105477.00532114967
36,94,,99381.84559887562
36,96,,120500.06301712093
